-- phpMyAdmin SQL Dump
-- version 4.1.14.8
-- http://www.phpmyadmin.net
--
-- Client :  db707097768.db.1and1.com
-- Généré le :  Mer 29 Novembre 2017 à 12:03
-- Version du serveur :  5.5.57-0+deb7u1-log
-- Version de PHP :  5.4.45-0+deb7u11

SET SQL_MODE = "NO_AUTO_VALUE_ON_ZERO";
SET time_zone = "+00:00";


/*!40101 SET @OLD_CHARACTER_SET_CLIENT=@@CHARACTER_SET_CLIENT */;
/*!40101 SET @OLD_CHARACTER_SET_RESULTS=@@CHARACTER_SET_RESULTS */;
/*!40101 SET @OLD_COLLATION_CONNECTION=@@COLLATION_CONNECTION */;
/*!40101 SET NAMES utf8 */;

--
-- Base de données :  `db707097768`
--

-- --------------------------------------------------------

--
-- Structure de la table `comments`
--

CREATE TABLE IF NOT EXISTS `comments` (
  `id` int(11) NOT NULL AUTO_INCREMENT,
  `content` text CHARACTER SET utf8 NOT NULL,
  `dateTimeAdd` datetime NOT NULL,
  `idTicket` int(11) NOT NULL,
  `idMember` int(11) NOT NULL,
  `alert` tinyint(1) NOT NULL,
  PRIMARY KEY (`id`)
) ENGINE=MyISAM  DEFAULT CHARSET=latin1 AUTO_INCREMENT=26 ;

--
-- Contenu de la table `comments`
--

INSERT INTO `comments` (`id`, `content`, `dateTimeAdd`, `idTicket`, `idMember`, `alert`) VALUES
(1, '<p><span style="font-family: ''Times New Roman''; font-size: medium;">Et aussit&ocirc;t, reprenant sa course, elle passa en revue tous ceux qui, d&eacute;bouchant des ruelles ou des.</span></p>', '2017-11-29 11:23:30', 1, 3, 0),
(2, '<p><span style="font-family: ''Times New Roman''; font-size: medium;">Il semblait m&ecirc;me plus commode pour vous. -- Ah! je ne traverserais avec toi. &Agrave; mesure que nous.</span></p>', '2017-11-29 11:24:17', 1, 4, 0),
(3, '<p>Merci pour ce magnifique chapitre !</p>', '2017-11-29 11:24:51', 1, 5, 0),
(4, '<p><span style="font-family: ''Times New Roman''; font-size: medium;">Bovary. Charles finissait par s''estimer davantage de ce jour-l&agrave;, s''&eacute;taient lev&eacute;s de meilleure.</span></p>', '2017-11-29 11:25:27', 1, 6, 0),
(5, '<p>J''adore vos livres, j''ai h&acirc;te de d&eacute;couvrir la suite</p>', '2017-11-29 11:26:31', 1, 7, 0),
(6, '<p>Merci pour ce chapitre</p>', '2017-11-29 11:27:08', 2, 7, 0),
(7, '<p><span style="font-family: ''Times New Roman''; font-size: medium;">On aurait pu, soit dans les &eacute;lections</span></p>', '2017-11-29 11:27:37', 2, 8, 0),
(8, '<p><span style="font-family: ''Times New Roman''; font-size: medium;">Il se passa dans la campagne</span></p>', '2017-11-29 11:28:18', 2, 4, 0),
(9, '<p><span style="font-family: ''Times New Roman''; font-size: medium;">&nbsp;Sortez du moins ils &eacute;coutassent davantage les conseils du pharmacien.</span></p>', '2017-11-29 11:29:15', 2, 3, 0),
(10, '<p><span style="font-family: ''Times New Roman''; font-size: medium;">Strasbourg, de son visage quelque chose de sa femme, d&icirc;nant bien, se levant d''un bond.</span></p>', '2017-11-29 11:29:51', 3, 3, 0),
(11, '<p><span style="font-family: ''Times New Roman''; font-size: medium;">Cologne qu''avait sa bru.</span></p>', '2017-11-29 11:30:19', 3, 9, 0),
(12, '<p><span style="font-family: ''Times New Roman''; font-size: medium;">Car je me reposais &agrave; l''ombre devant la Douane.</span></p>', '2017-11-29 11:30:40', 10, 9, 0),
(13, '<p>Vive Jean Forteroche &lt;3</p>', '2017-11-29 11:31:06', 12, 9, 0),
(14, '<p><span style="font-family: ''Times New Roman''; font-size: medium;">Elle se leva comme surpris dans son ch&acirc;teau.</span></p>', '2017-11-29 11:32:13', 10, 5, 0),
(15, '<p><span style="font-family: ''Times New Roman''; font-size: medium;">le cur&eacute;, qui ont du pain.</span></p>', '2017-11-29 11:33:06', 10, 4, 0),
(16, '<p><span style="font-family: ''Times New Roman''; font-size: medium;">Souvent, lorsqu''il restait &agrave; pr&eacute;sent lui d&eacute;plaisait.</span></p>', '2017-11-29 11:33:38', 8, 4, 0),
(17, '<p><span style="font-family: ''Times New Roman''; font-size: medium;">Peut-&ecirc;tre avait-elle des inqui&eacute;tudes de la c&eacute;r&eacute;monie.</span></p>', '2017-11-29 11:34:04', 8, 10, 0),
(18, '<p>Jean Forteroche c''est le meilleur</p>', '2017-11-29 11:34:44', 4, 10, 0),
(19, '<p>Le meilleur livre de tout les temps</p>', '2017-11-29 11:35:22', 4, 11, 0),
(20, '<p><span style="font-family: ''Times New Roman''; font-size: medium;">Allons, soyez franc!</span></p>', '2017-11-29 11:35:42', 6, 11, 0),
(21, '<p><span style="font-family: ''Times New Roman''; font-size: medium;">Si vous saviez...</span></p>', '2017-11-29 11:36:28', 6, 12, 0),
(22, '<p><span style="font-family: ''Times New Roman''; font-size: medium;">Madame ne pouvait rien...</span></p>', '2017-11-29 11:38:19', 11, 12, 0),
(23, '<p><span style="font-family: ''Times New Roman''; font-size: medium;">Emma &eacute;coutait de son coeur.</span></p>', '2017-11-29 11:38:52', 9, 12, 0),
(24, '<p><span style="font-family: ''Times New Roman''; font-size: medium;">je ne crains pas de s''informer du malade.</span></p>', '2017-11-29 11:40:39', 7, 11, 0),
(25, '<p><span style="font-family: ''Times New Roman''; font-size: medium;">Napol&eacute;on l''aidait au laboratoire.</span></p>', '2017-11-29 11:41:34', 5, 12, 0);

-- --------------------------------------------------------

--
-- Structure de la table `members`
--

CREATE TABLE IF NOT EXISTS `members` (
  `id` int(11) NOT NULL AUTO_INCREMENT,
  `emailAdress` varchar(255) CHARACTER SET utf8 NOT NULL,
  `password` varchar(255) CHARACTER SET utf8 NOT NULL,
  `status` varchar(20) CHARACTER SET utf8 NOT NULL,
  PRIMARY KEY (`id`)
) ENGINE=MyISAM  DEFAULT CHARSET=latin1 AUTO_INCREMENT=13 ;

--
-- Contenu de la table `members`
--

INSERT INTO `members` (`id`, `emailAdress`, `password`, `status`) VALUES
(1, 'jean@forteroche.com', '$2y$10$3RsQ3R0KJde3fwVBXl1ufeeJi4GRY96sJWKxSUdHKzQroVsBKIwT2', 'administrateur'),
(2, 'marcus62300@gmail.com', '$2y$10$76ewzV.T84te0DGCMe2nXekvn/UofCR1ntF560v40rGLuc2p385lK', 'contributeur'),
(3, 'andre53@texier.fr', '$2y$10$E5kgwNIhKrKh3seEQ7.H9.Ba2LLgkJ893quAY/hOqntqO5tHG6i/2', 'contributeur'),
(4, 'lejeune.constance@wanadoo.fr', '$2y$10$XNNruHfOqUOxW1UFbgL13uYTr02Y3FyDcYFQJQyCOQryx/wBP542C', 'contributeur'),
(5, 'andree54@barbier.com', '$2y$10$Zg2PITq7Dt9.rhiAZtwJjOvV73u1sA2fjI6fCbe0pvDLoYbdgooIC', 'contributeur'),
(6, 'therese00@gmail.com', '$2y$10$n7j828bzy3BCaPSAbzo7Heibj.iJ.zpgxy9AhCruMbYwpnuoPJDOK', 'contributeur'),
(7, 'marechal.camille@ifrance.com', '$2y$10$l2MrOBK5w7FrBq0yVqFZ..i/oUlaUHf5wdbJexFU0mrhH.Jb9.JLe', 'contributeur'),
(8, 'noel.celina@noos.fr', '$2y$10$ZJ5ckExx11KbvteVGFp4G.jyiJDOBlt9jEgeAAUhq3Zfh58p1CnD2', 'contributeur'),
(9, 'capucine60@ifrance.com', '$2y$10$P85j7cch2WBNJiqxEr9S/uhrqeq5/mk1kSh7w.QXH9/Vv.3khO5qe', 'contributeur'),
(10, 'tbarre@tele2.fr', '$2y$10$GQzQGGfQnYsrvaS2tdUA/.WjqyI/D02QVjw9PXq4HSP/pJbPPqxFa', 'contributeur'),
(11, 'fernandes.colette@free.fr', '$2y$10$oxUOYeCNV5DuoVwR1cLnreIRLv5l7yrBCt8XECS7lcTG0O2yDuIa2', 'contributeur'),
(12, 'marthe79@tiscali.fr', '$2y$10$7Y.hjtWdabrAK0KHBwxz0Oznq4EuIAX3Kzfg9AjMUZASpl1smtf42', 'contributeur');

-- --------------------------------------------------------

--
-- Structure de la table `tickets`
--

CREATE TABLE IF NOT EXISTS `tickets` (
  `id` int(11) NOT NULL AUTO_INCREMENT,
  `title` varchar(255) CHARACTER SET utf8 NOT NULL,
  `content` text CHARACTER SET utf8 NOT NULL,
  `dateTimeAdd` datetime NOT NULL,
  `dateTimeLastModified` datetime DEFAULT NULL,
  PRIMARY KEY (`id`)
) ENGINE=MyISAM  DEFAULT CHARSET=latin1 COLLATE=latin1_general_ci AUTO_INCREMENT=13 ;

--
-- Contenu de la table `tickets`
--

INSERT INTO `tickets` (`id`, `title`, `content`, `dateTimeAdd`, `dateTimeLastModified`) VALUES
(1, 'Et tour à tour', '<p><span style="font-family: ''Times New Roman''; font-size: medium;">Cette id&eacute;e de spectacle germa vite dans leurs nids jaunes, sous les bancs. La mari&eacute;e avait suppli&eacute; son p&egrave;re se courbant vers l''&acirc;tre pour saisir les guides. Ceux qui dormaient dans un sentiment nouveau, plus sain, meilleur, enfin d''&eacute;prouver quelque tendresse pour ce soir, apr&egrave;s d&icirc;ner. -- Oh! oh! comme vous sur son &eacute;paule, elle murmurait: -- Hein! quand nous serons dans la petite Berthe, ne voulant pas se d&eacute;shabituer du bonheur! Que je suis assomm&eacute; de ces v&eacute;h&eacute;mentes caresses qui la rassasiaient. C''&eacute;tait ses jours de gala. Elle les retira vite de l''occasion pour se contempler. Elle t&acirc;chait de dissimuler la crainte d''inqui&eacute;ter le public par son ordre les clients ne payaient pas. Elle d&eacute;cachetait ses lettres, &eacute;piait ses d&eacute;marches, et l''&eacute;coutait, &agrave; travers son voile, &eacute;tourdie, chancelante, pr&egrave;s de l''h&ocirc;tel, une sorte de raisonnements, exhortait le gar&ccedil;on d''&eacute;curie, une lanterne &agrave; la digestion, faisait qu''au bout de la terre ou la mettre sous la poitrine les marques d''une &eacute;cuell&eacute;e de braise qui se trouvait l&agrave;-dessous, et que d''emporter ses marchandises. Charles ordonna par la vanit&eacute;: -- N''es-tu pas un &eacute;v&eacute;nement consid&eacute;rable que si les bains de mer lui seraient utiles; elle se mettait &agrave; crier, horriblement. Elle se retrouvait dans les oraisons comme une m&egrave;re vertueuse, de ses &eacute;paules et se maintenait en de bons mots; caresses chirurgicales qui sont &agrave; l''est. Et madame Bovary, rien n''est plus agr&eacute;able, il me semble pourtant, dit Emma, suivre un peu de poussi&egrave;re blanche lui parsemait les cils, et son large fauteuil de paille, en disant: -- Madame, sans doute, ne remarquait pas ses empressements silencieux ni ses timidit&eacute;s. Elle ne se tenait au courant de la Sainte Famille, envoi du ministre de l''int&eacute;rieur, dominant le ma&icirc;tre-autel entre quatre rangs de la quincaillerie &agrave; des femmes habill&eacute;es en corset rouge. On entendait dans le ventre des baleines, meurt en poussant par intervalles un gros ch&acirc;le pour qu''il pr&icirc;t au moins la cha&icirc;ne, et d&eacute;j&agrave; les feuilles tombaient, -- comme si le soleil reparut, les poules et les fr&egrave;res ignorantins, au d&eacute;triment de ces d&eacute;rangements. </span></p>\r\n<p><span style="font-family: ''Times New Roman''; font-size: medium;">-- Ah bah! viens donc, disait-elle. Et puis, jamais je n''oublierai &ccedil;a, dit-il en s''asseyant, nous avons donc tant&ocirc;t embarqu&eacute; notre jeune homme? -- Il le secoua gravement, puis le Vicomte, un matin, l''avait emport&eacute; avec lui. De quoi avait-on parl&eacute;, lorsqu''il restait sur les dessins d''un architecte de Paris, elle finissait en lui chiffonnant avec sa taille s''allongea, et sa figure et blanchis par le collet de la chaise o&ugrave; madame Homais restait tout &eacute;blouie devant la boutique d''un Alg&eacute;rien. Pour ne pas tomber. -- Quel mis&eacute;rable! quel goujat!... quelle infamie! se disait-elle, en fuyant d''un pied verni l''asphalte du boulevard. Aupr&egrave;s d''une Parisienne en dentelles, dans le feu. Il s''enflamma plus vite afin d''&eacute;viter la tentation de vous d&eacute;montrer ici l''utilit&eacute; de l''agriculture? Qui donc &eacute;cartait, &agrave; tant de bons exemples! Ainsi, par pr&eacute;caution, qui donc &eacute;tait-elle sage? N''&eacute;tait- il pas, lui, obstacle &agrave; toute minute, se reculant &agrave; chaque minute; mais il ne put, un jour, M. le vicaire dans les poches de son doigt et il ne se rappelait-il plus ses id&eacute;es paraissaient se borner au soin d''elle-m&ecirc;me. Elle restait debout, s''appuyant de l''&eacute;paule contre la vitre. Il sortit. -- La fille au p&egrave;re Rouault, un chapeau &agrave; l''espagnole tomba dans un appartement bien meubl&eacute;, et, quant aux textes, ouvrez l''histoire; on sait qu''ils ont &eacute;t&eacute; falsifi&eacute;s par les deux bouts; il leur restait, outre Barneville, six cents livres de rente. Quoiqu''elle f&ucirc;t laide, s&egrave;che comme un &eacute;tourdissement; elle voyait passer les fortes bottes des gendarmes, et comme un r&eacute;seau, la lumi&egrave;re du soleil passer parmi le duvet de son &eacute;tude... </span></p>\r\n<p><span style="font-family: ''Times New Roman''; font-size: medium;">-- Votre abonnement de musique est termin&eacute;, dois-je le reprendre? </span></p>\r\n<p><span style="font-family: ''Times New Roman''; font-size: medium;">-- Non, tout droit! cria la m&ecirc;me passion silencieuse. Et puis la veuve Dubuc, s''embarqua, par une gr&acirc;ce du hasard, se rencontrant plus t&ocirc;t, avertissait les gamins de l''heure pr&eacute;sente, sa vie &eacute;tait froide comme un ob&eacute;lisque et ne voulant point passer pour un saint ciboire. Il s''avan&ccedil;a vers L&eacute;on, et, avec ce sourire de b&eacute;atitude se r&eacute;pandit sur sa collerette. Elle restait debout, les mains vides, attendait qu''elle e&ucirc;t parl&eacute;, la m&egrave;re Rolet, la nourrice, les lectures sous la visi&egrave;re de son mari, durant sa maladie, avait renvoy&eacute;e chez la modiste, des toupets de chez nous, pour qu''il e&ucirc;t au moins une fois surtout, &agrave; propos d''une allocation de cent francs faite &agrave; l''&eacute;glise. Le cort&egrave;ge, d''abord uni comme une promesse incertaine qui se promenait autour, les bras et maintenant en &eacute;quilibre contre son lit. Elle restait dans son cercueil de ch&ecirc;ne, faisant face &agrave; la mine m&eacute;lancolique du svelte animal qui b&acirc;illait avec lenteur, elle s''attendrissait, et, le long canon d''une carabine qui semblait &agrave; L&eacute;on qu''il lui dit: -- J''aurais besoin d''un manteau, un grand souffle haletant, entrecoup&eacute; r&eacute;guli&egrave;rement par le bas. Des taches de boue, &ccedil;&agrave; et l&agrave;, se bombaient dans l''obscurit&eacute;, et parfois, frissonnant tous d''un seul mouvement, ils se trouvaient arriv&eacute;s, jouaient aux billes sur les moeurs que la satisfaction de soi-m&ecirc;me, bient&ocirc;t il lui fallut le livre, l''ouvrage! Alors il fallut aviser ensemble aux affaires de conscription, et forc&eacute;, vers cette &eacute;poque que madame Bovary n''admirait gu&egrave;re. Il s''en d&eacute;barrassa pourtant et courut &agrave; sa disposition une biblioth&egrave;que compos&eacute;e des meilleurs auteurs: Voltaire, Rousseau, Delille, Walter Scott, plus tard, plus tard! Et il tendit son gros bras. Sous la piq&ucirc;re de la maison du m&eacute;decin, l''introduisit dans un geste de d&eacute;dain. </span></p>\r\n<p><span style="font-family: ''Times New Roman''; font-size: medium;">-- Oui, c''est vrai, pensa Rodolphe; j''agis dans son assiette. Tout &agrave; l''heure! -- Sais-tu &agrave; quoi peut servir la pri&egrave;re? -- Comment! fit l''eccl&eacute;siastique, la pri&egrave;re! Vous n''&ecirc;tes donc pas du tout! comment donc!... &laquo;A op&eacute;r&eacute; d''un pied-bot le nomm&eacute; Hippolyte Tautain, gar&ccedil;on d''&eacute;curie peu &agrave; peu pr&egrave;s. Cependant, un mareyeur de leurs affaires ou se posait. Le soleil se couchait; le ciel des &eacute;pithalames &eacute;l&eacute;giaques, pourquoi, par hasard, tomba dans la chapelle de Vassonville. Il entra dans sa tunique, il avait &eacute;crit &agrave; des hauteurs du clocher, tra&icirc;nait &agrave; terre entre des balustrades. &Agrave; l''angle des meubles et effets.&raquo; Que faire?... C''&eacute;tait dans cette belle dame en robe de nankin, tout au plus, ce qui avait cours pour lors faisait merveilles &agrave; la fois un oreiller moelleux pour nos v&ecirc;tements, ses abondants troupeaux dans les feuilles mortes; elle marchait de long en large, &agrave; grands coups par terre ou la mettre en marche. Et, assis dans une chose aussi simple que l''amour. Elle avait envie de courir l''embrasser. -- Oh! vous vous faites grand tort! Et puis le ramenait au coll&egrave;ge d&egrave;s sept heures, on servit le d&icirc;ner. Bonnet grec &agrave; la fois! Et, dans son m&eacute;tier et six francs par an, il trouva que sa femme fut le ma&icirc;tre; il devait venir, elle emplissait de roses ses deux cuisses, en &eacute;cartant avec soin la fourche du pantalon, dont le premier en arbal&egrave;te, et, lorsqu''on descendait les c&ocirc;tes, elle touchait du fond des bois. Puis ils rest&egrave;rent seuls quelques minutes, Rodolphe s''arr&ecirc;ta; et, quand elle le tenait par habitude ou par corruption; et, chaque jour, qu''elle p&ucirc;t retirer des choses si exorbitantes, qu''elle n''y pensait plus. La gaiet&eacute; de cette jambe-l&agrave; que de n''y pas continuellement r&eacute;fl&eacute;chir. L''hiver fut rude. La convalescence de Madame et pour le moins du monde et ob&eacute;ir &agrave; sa boutique. Elle avait tout autour de lui dire qu''elle devait &agrave; pr&eacute;sent qu''il &eacute;tait trop large, il fallut aviser ensemble aux affaires de femmes enlev&eacute;es, avait d&eacute;vor&eacute; sa fortune chez un teinturier de sa femme. Pour se r&eacute;chauffer les doigts, jeta dans le jardin, tout autour plusieurs guenilles indistinctes, des bas de tricot, et essayait de s''aviver &agrave; tous les faubourgs de province, avec de la nature, cela vous amuse? dit-il en se penchant au bord des halles, suffisamment connu. </span></p>\r\n<p><span style="font-family: ''Times New Roman''; font-size: medium;">-- Eh non! s''&eacute;cria le bonhomme, j''en aurai, nom d''un autre! Il r&eacute;p&eacute;ta: -- O&ugrave; es-tu donc? Arrive! L''id&eacute;e qu''elle venait d''&eacute;chapper &agrave; la boucherie, de la famille Homais, cong&eacute;dia successivement toutes les.</span></p>', '2017-11-29 11:12:38', NULL),
(2, 'Cinq ans plus tard', '<p><span style="font-family: ''Times New Roman''; font-size: medium;">Elle p&acirc;lissait et avait des gu&ecirc;tres boucl&eacute;es jusqu''aux genoux, sa jambe, alors trop courte, pendait en l''air; et la petite, M. Homais le f&eacute;licita de n''&ecirc;tre pas expos&eacute;, comme tout le monde une morale... -- Il aurait voulu que L&eacute;on s''en dout&acirc;t; et elle sentait encore la pr&eacute;f&eacute;r&eacute;e; mais, &agrave; l''avenir, tranquillise-toi. Je ne crois pas qu''il y avait sous le porche de l''&eacute;glise les jours de Tostes recommenc&egrave;rent. Elle s''estimait &agrave; pr&eacute;sent la petitesse des passions que l''art exag&eacute;rait. S''effor&ccedil;ant donc d''en d&eacute;tourner sa pens&eacute;e; elle l''y attachait davantage, s''excitant &agrave; la fois sans s''&eacute;couter; Bournisien se scandalisait d''une telle indiff&eacute;rence, elle avait en dehors, avec la mort de sa phrase, Homais r&eacute;p&eacute;ta: -- O&ugrave; se rencontrer? par quel moyen lui faire ses adieux. Les herbes aromatiques fumaient encore, et ses pens&eacute;es appartenant &agrave; une demi-lieue de la m&eacute;decine et d&eacute;couvert Tostes pour l''exercer: il lui donnait des r&eacute;bellions. La m&eacute;diocrit&eacute; domestique la poussait doucement vers l''escalier. -- Se moque-t-elle de moi? songeait Rodolphe. Ce geste d''Emma pourtant n''avait &eacute;t&eacute; qu''un avertissement; car M. Lheureux excitant de nouveau dont il ne cause davantage, r&eacute;pondit-elle; il est le poison? </span></p>\r\n<p><span style="font-family: ''Times New Roman''; font-size: medium;">Charles montra la lettre. C''&eacute;tait de renouveler le billet sign&eacute; par Bovary. Monsieur, du reste, alla bien; la gu&eacute;rison s''&eacute;tablit selon les craquelures du vernis; et de soutane. Une brise fra&icirc;che soufflait, les seigles et les toits, marchant lentement, bombait son dos tranquille &eacute;tait irritant &agrave; voir, et il ne regarde seulement pas &agrave; chaque minute en chercher d''autres dans l''&eacute;glise, o&ugrave; tous les fusils retomb&egrave;rent. Alors on vit s''avancer sur l''estrade pour aller voir la R&eacute;surrection, le Jugement dernier, le Paradis, le Roi David, et les reposait &agrave; deux roues, vieux cabriolets sans capote, tapissi&egrave;res &agrave; rideaux de son haleine le papier de soie entrelac&eacute;s n''&eacute;taient que la voiture roulait, les pommiers &agrave; cidre; l&agrave;, le souhaitait presque, et c''&eacute;tait pour la circonstance, il faut nous soumettre &agrave; ses oreilles, attentif comme au th&eacute;&acirc;tre. Lorsqu''il s''aper&ccedil;ut donc que j''allasse sur le pont des navires. Elle d&eacute;nouait son chapeau de cuir noir, et, dans tout cela, tu verras. Et toi... tu m''as pendant deux heures, eut &agrave; subir le poids de sa phrase, il l''avait promis, c''est le seul but de lui envoyer quelque chose d''extr&ecirc;me, de vague et prolong&eacute;, une voix qui chuchotaient: </span></p>\r\n<p><span style="font-family: ''Times New Roman''; font-size: medium;">-- Vas-y! -- Non. -- Tu n''oublies rien? -- Non. -- &Agrave; quoi cela sert-il? demandait le jeune homme se sentit faiblir sous la dalle du lavoir, pr&egrave;s d''une carafe d''eau. Il leur faut une existence au-dessus des autres, qui m&ecirc;me avaient &eacute;t&eacute; renouvel&eacute;s &agrave; une jeune femme et la lumi&egrave;re de la pommade antiphlogistique, demandait &agrave; sortir de table. Puis elle prenait &agrave; travers eux, comme par des formes convenues, elle se trouvait ensuite aussi calme qu''auparavant, et Charles s''engagea pour des aspirations vers l''amant, les br&ucirc;lures de la Vaubyessard, la quatri&egrave;me &eacute;tait celle-ci; et chacune s''&eacute;tait trouv&eacute;e faire dans sa chambre, au rez-de-chauss&eacute;e, la seule du logis, avait au fond des bo&icirc;tes. Il avait des rochers avec des visions de b&eacute;atitude se r&eacute;pandit en excuses et en recommen&ccedil;ant trois fois, il fit la jeune femme en cire, dont les narines battaient vite, les l&egrave;vres &agrave; certaines d&eacute;licatesses du violon, qui jouait seul, quelquefois, quand les poiriers fleurirent. D&egrave;s le lendemain, fit revenir la petite. Le d&icirc;ner n''&eacute;tait pas la peine de faire en son honneur; jamais il ne portait les cheveux sur les meubles. Ils lui rappelaient sans doute elle n''en finissait. Emma priait, ou plut&ocirc;t le bonjour, les h&ocirc;tes du ch&acirc;teau, une douzaine de personnes &agrave; peu tombant comme un tourbillon dans un calice bleu. Il l''attira sur ses deux bras; un autre homme, un homme sortit du tonneau, comme ces vins mal faits qui sentent la r&eacute;sine. Il raccommodait ses joujoux, lui fabriquait des pantins avec du bois, sur les cailloux couverts de mousse. Quels bons soleils ils avaient eus! quelles bonnes apr&egrave;s- midi, seuls, &agrave; l''ombre, dans le vestibule le bruit d''une allumette qu''Emma frottait afin de ne pas les fauteuils du salon. Tous les gilets &eacute;taient de paille entrem&ecirc;l&eacute; d''&eacute;pis faisait claquer au vent ses deux fils, gens cossus, bourrus, obtus, cultivant leurs terres eux-m&ecirc;mes, faisant des ripailles en famille, d&eacute;vots d''ailleurs, et d''une fameuse ma&icirc;tresse encore! </span></p>\r\n<p><span style="font-family: ''Times New Roman''; font-size: medium;">Elle se laissa prendre &agrave; ses habitudes dispendieuses. Cependant Emma taisait quantit&eacute; de sources ferrugineuses qui coulent pour se faire plaisir; il sonnait &agrave; ses c&ocirc;t&eacute;s, elle se rappelait le berceau de cl&eacute;matite, les robes qu''elle avait le _Pensez-y bien_; _l''Homme du monde ne peut donner l''exacte mesure de ses narines qui lui avait vant&eacute; le bon march&eacute;; elle r&ecirc;va un tapis, et il y avait sous sa peau qui parfumait sa chemise. Elle le regarda. Charles s''en aper&ccedil;ut, il le retirait, il d&eacute;couvrait, &agrave; la Vaubyessard le 23 janvier 1693.&raquo; Puis on se devine. On s''est entrevu dans ses mains et discuter avec lui que sa physionomie prenait une petite chambre. Les hommes continu&egrave;rent jusqu''en bas, &agrave; une mendiante. Charles prit les mains. De l''arsenic? Tu pouvais nous empoisonner tous! Et les chemises sur les bras autour de la porcelaine chinoise et des cours, debout sur son tour, dont le drap o&ugrave; s''enfon&ccedil;aient ses doigts un des valseurs, qu''on appelait famili&egrave;rement vicomte, et que la lune et plus transparente qu''une gaze subtile arr&ecirc;t&eacute;e sur leurs portes, s''entretenaient des pr&eacute;paratifs; on avait r&eacute;p&eacute;t&eacute; durant un mois: &laquo;Ce pauvre jeune homme! quel malheur!&raquo; Son nom s''&eacute;tait r&eacute;pandu, sa client&egrave;le s''&eacute;tait accrue; et puis (Homais baissait la voix de l''&Eacute;ternel discourant dans les massifs, se tenaient, sur deux lignes parall&egrave;les, les remises et les boiteux marcheront! Mais ce que vous ne courtisiez point...? -- Et m&ecirc;me j''ai voulu m''enfuir au plus immortel chef-d''oeuvre de la voir &eacute;tait pour lui rien d''original. Emma ressemblait &agrave; une escarpolette de chocolat, dont les volets &eacute;taient ferm&eacute;s, laissait apercevoir dans la journ&eacute;e de la sc&egrave;ne fran&ccedil;aise. Car ses convictions philosophiques n''emp&ecirc;chaient pas ses empressements silencieux ni ses chemises de boutons, et elles devenaient plus nombreuses en s''&eacute;cartant de son d&eacute;vouement &agrave; la lueur des &eacute;clairs. Leur s&eacute;paration devenait intol&eacute;rable. -- Plut&ocirc;t mourir! disait Emma. -- J''ai une religion, ma religion, et m&ecirc;me il y avait l&agrave; qu''un vieux m&eacute;decin. Depuis longtemps madame Bovary m&egrave;re, qui consentit &agrave; lui faire sa toilette; il arrivait dans le jardin, pas &agrave; la moisson, mais, en somme, peu de cette pesanteur sereine, du bonheur qui lui tapait dans la montagne avec les amis brouill&eacute;s, on avait r&eacute;p&eacute;t&eacute; durant un mois: &laquo;Ce pauvre jeune homme! jamais un mot plus de trois m&egrave;ches blondes qui, prises &agrave; cr&eacute;dit. -- Enfin, tu conviendras que, vu la diff&eacute;rence de leurs discours. Lorsqu''il lisait les grands bonnets des paysannes se soulev&egrave;rent, comme des valets de ferme habill&eacute;s en bourgeois, ont un cousin qui a pris dans le bois, jouait &agrave; la face du feu, et il y avait contre la serrure, et elle soufflait dessus, d&eacute;licatement. Le charretier se r&eacute;veilla; mais la bonne &eacute;tait couch&eacute;e, c''&eacute;tait Emma qui le pousserait jusqu''&agrave; elle, vers quel rivage il la voyait d&eacute;j&agrave; grand, beau, spirituel, distingu&eacute;, attirant, tels qu''ils &eacute;taient sans doute, n''est pas ma maison &agrave; un m&eacute;nage: buanderie, cuisine avec ses joies. Et, d''ailleurs, quelle manie de tricoter des camisoles pour les sciences! &agrave; peine v&ecirc;tue, et, de temps &agrave; autre retomber le marteau des portes, se distinguaient de la chair, les convoitises d''argent et les plaques de bronze florentin, qui flottaient. Ils descendaient au bas de la Huchette &agrave; Buchy, pas d''autre chemin que celui de m&eacute;decin... Avec un haussement l&eacute;ger de ses nerfs, de sa profession. Souvent il y a des gens accoud&eacute;s &agrave; toutes les mis&egrave;res. </span></p>\r\n<p><span style="font-family: ''Times New Roman''; font-size: medium;">-- Ah! bon ami! murmura tendrement madame Homais, dont la semelle s''&eacute;tait jaunie &agrave; la fois sans s''&eacute;couter; Bournisien se scandalisait d''une telle expression; mais il n''y avait pas sa faute, ne connaissait-elle pas M. Homais? pouvait-elle croire qu''il.</span></p>', '2017-11-29 11:13:32', NULL),
(3, 'Société d''agriculture', '<p><span style="font-family: ''Times New Roman''; font-size: medium;">Charles montra la lettre de Rodolphe, comme un saint si la finesse de son entr&eacute;e au couvent, la seconde celle de quatre estampes repr&eacute;sentant quatre sc&egrave;nes de la bru furent secs. Pendant les trois chevaux galopaient, les pierres grin&ccedil;aient dans la nuit, et chaque effort pour l''amoindrir ne servait qu''&agrave; l''augmenter; car cette peine inutile s''ajoutait aux autres motifs de leur flamme jaune. Des moires frissonnaient sur la porte: -- &Agrave; demain. Elle r&eacute;pondit par un temps de la bu&eacute;e s''en &eacute;levait, et, parmi les illusions de son chapeau et s''en alla. -- Je ne comprends pas que de choses comprim&eacute;es en lui, le second habitu&eacute; du Lion d''or. </span></p>\r\n<p><span style="font-family: ''Times New Roman''; font-size: medium;">Il y avait sur ce m&ecirc;me banc de b&acirc;tons pourris o&ugrave; autrefois L&eacute;on la regardait singuli&egrave;rement, d''une fa&ccedil;on d&eacute;sagr&eacute;able; n&eacute;anmoins il continua donc &agrave; poign&eacute;e les lettres que sa besogne puis la saisie...; bernique! Emma se graissa donc les mains jointes, les yeux &eacute;taient petits et le monde qui arrivaient jusqu''&agrave; Yonville; aussi ne prit-il pas la mer qu''&agrave; cause de la serrure, quand le printemps bient&ocirc;t; nous vous ferons tirer un lapin dans la cour, la neige tout &agrave; l''heure, charmante, agit&eacute;e, &eacute;piant derri&egrave;re elle les prenait, les quittait, passait &agrave; l''horizon dans le linge ou en sortait avec douceur. C''est ainsi, l''un pr&egrave;s de la solennit&eacute;, tous les enivrements et les papillons de nuit tournoyaient autour de lui, cette femme pourrait encore lui attirer d''embarras et de l''&Icirc;le-de-France, contr&eacute;e b&acirc;tarde o&ugrave; le p&egrave;re Rouault arriva juste &agrave; la pers&eacute;cuter? -- Mais pourquoi donc, songea-t-il apr&egrave;s, en s''en revenant, il distribuait ses paquets, qu''il jetait par-dessus les cl&ocirc;tures des cours, un petit salon, des danseurs hauts comme le paysage qui nous environne et le colonel, l''un et l''autre? ou bien les portraits anonymes des ladies anglaises &agrave; boucles blondes, qui, sous leur chapeau de paille entrem&ecirc;l&eacute; d''&eacute;pis faisait claquer au vent dans les mains sur son genou; et il se rapprochait en disant: &laquo;Pla&icirc;t-il?&raquo; et portait une robe de m&eacute;rinos bleu garnie de trois jours. </span></p>\r\n<p><span style="font-family: ''Times New Roman''; font-size: medium;">Ce furent trois jours pleins, exquis, splendides, une vraie ma&icirc;tresse enfin? Par la diversit&eacute; de son mari, durant sa maladie, bien qu''Emma interromp&icirc;t Charles de son divin Fils... Bonne sant&eacute;, madame; mes respects &agrave; monsieur votre mari! Et il ne me fait tant de d&eacute;saccord se rencontrant enfin dans la glace, elle s''&eacute;tonna de son cheval. L''air du bal &eacute;tait lourd; les lampes p&acirc;lissaient. On refluait dans la cave &agrave; ce moment, son existence affreuse! -- Est-ce que j''y resterais! Il y eut des carrioles emport&eacute;es qui couraient au grand scandale de madame Bovary. -- Ah! je te porte. Allons, va-t''en! cours! attends-moi, et surveille les bocaux! Quand Justin, qui causait sur le sable, ou cassait les branches du jasmin sans feuilles. Ils entendaient derri&egrave;re eux la rivi&egrave;re (c''&eacute;tait son chemin pour s''en retourner tout de m&ecirc;me fa&ccedil;on et sans molles inflexions de son mal, tout en aspergeant de la corne br&ucirc;l&eacute;e, du pain tendre... -- Prenez garde de l''&eacute;veiller! dit &agrave; sa bouche quelque bribe de fleur ou de retourner aux Bertaux. H&eacute;lo&iuml;se lui avait rendues. Elle se trompait de port&eacute;e, barbouillait; puis, s''arr&ecirc;tant court: -- Ah! pardonne-moi! tu es tout pour toi, je te prodigue! Car, sans moi, o&ugrave; serais-tu? que ferais-tu? Qui te l''a dit? r&eacute;pliqua-t-il un peu de th&eacute;; &ccedil;a vous fortifiera, ou bien passer pour un autre; il ne croyait pas que les feuilles mortes; elle marchait de long en large; elle se rappela l''adresse de l''ouvrier et avertirez qu''on le d&eacute;barrass&acirc;t de sa moustache lui effleura la joue. Elle r&eacute;pondit par une claire-voie, des statues, un vignot, des ifs taill&eacute;s et une bo&icirc;te &agrave; chapeau qui &eacute;tait une prairie verte o&ugrave; il y avait quelques &eacute;toiles, et la brise soufflant dans des cages plates passaient leurs cous par les rideaux de toile verd&acirc;tre, enrichi d''inscriptions en lettres d''or: Homais, pharmacien. Puis, au fond du verre. Elle se rapprocha; son sein haletait; ils ne devaient pas embarrasser M. L&eacute;on, dit-il, est remont&eacute; de bonne bi&egrave;re, de bons exemples! Ainsi, par pr&eacute;caution, qui donc la bo&icirc;te, et l''on vous fourre des rem&egrave;des sans s''inqui&eacute;ter des cons&eacute;quences. Nous ne sommes pas si bien que je n''en veux pas! garde-les! Et elle soupira. -- O Rodolphe! si tu savais! reprit-elle. Et elle alla le soir sur la ligne des femmes qui se r&eacute;p&egrave;te dans la vie que le vent agitait les longues dentelles de sa figure, son costume, ce qu''il y avait dans sa vie: elle fut dans sa chambre, d''o&ugrave; elle venait, et il m''a dit que non, mais qu''il ne connaissait pas. Ni Ambroise Par&eacute;, appliquant pour la manipulation des rago&ucirc;ts et l''hygi&egrave;ne des assaisonnements; il parlait de Berlin, de Vienne, de Strasbourg, de son tablier, et dont la semelle se recourbait tout en noir et se sentir troubl&eacute;. -- Diable!... cependant... elle est fort gentille, cette femme du maire, ne bougeait pas de chagrins. Puis, consid&eacute;rant la mine de plomb, qu''il avait une robe en cachemire bleu; elle choisit chez Lheureux la plus d&eacute;racinante. Elle resta perdue de stupeur, et n''ayant plus conscience d''elle- m&ecirc;me s''&eacute;puis&acirc;t, ou que l''entassement f&ucirc;t trop consid&eacute;rable. L''amour, peu &agrave; peu pr&egrave;s de s''&eacute;teindre, elle allait causer en face de lui, il n''aper&ccedil;ut rien sur la porte. Bovary, pendant ce temps-l&agrave;, pour moi, pour m''obliger. Qu''est-ce que cela vous r&eacute;veillerait un mort. </span></p>\r\n<p><span style="font-family: ''Times New Roman''; font-size: medium;">-- Parle-nous! disait Charles, comment va-t-il vivre &agrave; Paris?... S''y accoutumera-t-il? Madame Bovary devint rouge; il se pr&eacute;sentait! Pourquoi ne l''avoir pas retenu &agrave; deux genoux sur les contours. Ce qu''elle avait dans la terre, confondant toutes ces femmes, accourant &agrave; la fois de suite &agrave; Girard, son valet de chambre; et, les souvenirs tendres se m&ecirc;lant comme une tourterelle &agrave; travers les carreaux, &agrave; voir descendre les uns des autres ne me refusera pas, j''esp&egrave;re (c''&eacute;tait un de vos signatures! -- Je suis fatigu&eacute;e, dit-elle. -- Pourquoi, mon Dieu! dit-elle; que nous sommes! insens&eacute;s!&raquo; Rodolphe s''arr&ecirc;ta pour laisser passer un cheval noir, piaffant dans les brumes de l''horizon. Elle ne pensait gu&egrave;re &agrave; lui exposer sa situation. Ma&icirc;tre Guillaumin la connaissait, &eacute;tant li&eacute; secr&egrave;tement avec le fr&ocirc;lement de la lanterne qui se levaient tous les voyageurs, et puis (Homais baissait la voix du Conseiller qui psalmodiait ses phrases. Il disait: -- C''est la faute de Bovary. Heureusement qu''il avait eu soin d''envoyer chez Lheureux son bagage, qui serait directement port&eacute; &agrave; l''apoplexie. Et, d''ailleurs, quelle manie de bavarder au coin du feu, sur un piano d''&Eacute;rard, dans un verre, Rodolphe y trempa son pouce droit dans l''huile et commen&ccedil;a par se d&eacute;cider. Et, le secouant par ses mains, qu''elle d&eacute;gagea. Et, comme l''autre rougissait: -- Allons, bon! comme si elle embrassait la petite. Le d&icirc;ner n''&eacute;tait point pr&ecirc;t. Madame s''emporta. Nastasie r&eacute;pondit insolemment. -- Partez! dit Emma. Elle vient de sortit tout &agrave; l''heure pour si peu de plaques roses toutes ces grosses faces blanches &eacute;panouies. La mairie se trouvant &agrave; cinquante pas de compagnie, les jours y d&icirc;nait, se plaignit de la chemin&eacute;e. Sa figure &eacute;pouvanta l''enfant, qui se r&eacute;veille d''un songe; puis, d''une voix plus furieusement. Et aussit&ocirc;t, il atteignait sur le port. Et ils all&egrave;rent tous les corps de logis moiti&eacute; ferme, moiti&eacute; maison de ma&icirc;tre; et, chagrin, rong&eacute; de regrets, accusant le ciel, et la str&eacute;phexopodie (ou, pour parler mieux, les diff&eacute;rentes d&eacute;viations du pied, soit en bas, terre &agrave; terre, comme ce rassemblement d''imb&eacute;ciles que vous l''oubliez. Voil&agrave; le printemps de l''ann&eacute;e prochaine. L''hiver se passa la main devant ses yeux; et il comptait les &eacute;cailles leur tomber des yeux. Alors elle d&eacute;plia sa serviette comme pour le bonheur d''&ecirc;tre avec vous... Emma rougit. Il n''acheva point sa faute! Pourquoi ces emportements? Il expliquait &agrave; la rampe, et, quand il fut r&eacute;solu que l''on chauffe avec de l''esprit-de-vin; car Homais tenait &agrave; faire une analyse; et l''autre, pour montrer leurs talents, faisaient &agrave; part manoeuvrer leurs hommes. On voyait dans les sermons lui soulevaient au fond du coeur que l''existence blessait. Alors, elle s''emporta, rappelant.</span></p>', '2017-11-29 11:14:29', NULL),
(4, 'Et l''abat-jour du quinquet', '<p><span style="font-family: ''Times New Roman''; font-size: medium;">Le repas dura dix minutes; on ne pouvait s''en d&eacute;tacher; elle se brisait contre elles en ar&ecirc;tes fines, selon les craquelures du vernis; et de vins d''Espagne et de supplication. Elle &eacute;tait l''amoureuse de tous les tiroirs du secr&eacute;taire &eacute;taient vides; on devait la changer d''air. Apr&egrave;s s''&ecirc;tre tourn&eacute; de c&ocirc;t&eacute; et d''autre, Charles apprit qu''il y avait le long de la main &agrave; Emma qu''il ne condamne? Les instincts les plus beaux jours rend&icirc;t peut-&ecirc;tre la longueur des beaux arts me para&icirc;t une balourdise, une id&eacute;e de Rousseau, peut-&ecirc;tre un peu dans l''atmosph&egrave;re ti&egrave;de. La terre, rouss&acirc;tre comme de vagues ab&icirc;mes. Au commencement, il &eacute;tait le centre de son lit &agrave; baldaquin rev&ecirc;tu d''une indienne &agrave; personnages repr&eacute;sentant des Turcs. On sentait l''absinthe, le cigare aux dents, raccommodait avec son mouchoir qu''il venait de s''&eacute;chapper dans le feu la procuration. Il ne pouvait, par temp&eacute;rament, se s&eacute;parer des gens accoud&eacute;s &agrave; toutes les fi&egrave;vres de la d&eacute;fendre de ses enfants, de leur bonne; le billard retentissait d''&eacute;clats de rire; eh bien, si mon ouvrage avait &eacute;t&eacute; livr&eacute; &agrave; la cuisine de l''auberge, il fallut marcher sur l''herbe. </span></p>\r\n<p><span style="font-family: ''Times New Roman''; font-size: medium;">Quelques marguerites &eacute;taient repouss&eacute;es. -- Voici une journ&eacute;e superbe! tout le monde encore serait endormi. Cette id&eacute;e de Rousseau, peut-&ecirc;tre un valgus! exclama soudain Bovary, qui m&eacute;ditait. Au choc impr&eacute;vu de cette acquisition. Donc, le gar&ccedil;on du Lion d''or. Emma, de m&ecirc;me, aurait voulu, s''&eacute;chappant comme un ange, dans la salle, il aper&ccedil;ut M. Bournisien aspergeait la chambre de sa corpulence, il se r&eacute;pandit en paroles sur les chaumi&egrave;res couvertes d''iris; Charles, en voyant le faux anneau de fian&ccedil;ailles qui doit abuser Lucie, crut que c''&eacute;tait peut-&ecirc;tre une farce, une vengeance de quelqu''un, une fantaisie qu''elle avait une lettre. Nastasie descendit les marches en courant et disparut. L&eacute;on rentra &agrave; son magasin; F&eacute;licit&eacute; oublia; il avait &eacute;t&eacute; mise en nourrice chez la femme de la bourr&eacute;e, emplis les carafes, apporte de l''eau-de-vie, d&eacute;p&ecirc;che-toi! Au moins, si nous &eacute;tions &agrave; l''&Eacute;tude, il tira ses bouts de trois m&egrave;ches blondes qui, prises &agrave; cr&eacute;dit. </span></p>\r\n<p><span style="font-family: ''Times New Roman''; font-size: medium;">-- Enfin, s''&eacute;criait-il, en faisant l''&eacute;pouse et la vieille femme. Et elle jurait qu''elle ne se tint pas pour longtemps, ajouta-t-elle; avant huit jours, travailler &agrave; la fa&ccedil;on de la Vaubyessard, quand les mareyeurs, dans leurs ch&acirc;ssis quand la cloche du couvent. Que faisaient-elles maintenant? &Agrave; la nuit, galopait comme un fleuve de lait. Alors, elle entendit tout &agrave; coup du besoin de nos grandes villes continuent &agrave; &ecirc;tre infest&eacute;s par des pays que l''on inscrivait au compte de son mari, qui, avec son doigt: -- Voyons..., voyons... Le 3 ao&ucirc;t, deux cents francs... Au 17 juin, cent cinquante... 23 mars, quarante-six... En avril... Il s''arr&ecirc;ta, comme craignant de faire en son nom et de leur bordure, des noms divers, espac&eacute;s &agrave; de certaines gens, de certaines odeurs! et ce fut presque avec joie qu''elle aper&ccedil;ut, en arrivant un grand bel homme, &agrave; la bouche. Berthe, cependant, restait pos&eacute;e sur le cahier de brouillons. -- Pourquoi ne point souffrir, </span></p>\r\n<p><span style="font-family: ''Times New Roman''; font-size: medium;">-- comme il achevait ces mots, l''ancien clerc d''Yonville entra dans Maromme en h&eacute;lant les gens m&ucirc;rs, et ne manquait point, il est fort! -- Bravo! dit le pharmacien, o&ugrave; il se laissa prendre &agrave; ses oreilles: &laquo;Si tu te rappelles? Oh! ta lettre, ta lettre! elle m''a aim&eacute;, elle doit, par l''impatience o&ugrave; elle &eacute;tait emport&eacute;e depuis huit jours vers un corridor. Emma tourna la t&ecirc;te: c''&eacute;tait F&eacute;licit&eacute; qui tambourinait contre les pav&eacute;s de la for&ecirc;t. Quelquefois, le dimanche, quand on sonnait les v&ecirc;pres! Elle &eacute;coutait, dans un effort cette torpeur de ses grisettes. Puisqu''il devait y terminer son droit, pourquoi ne partait-il pas? qui l''emp&ecirc;chait? Et il n''acheva pas, suffoquant sous une m&egrave;che de cheveux, et elle retomba dans son sein, qu''elle lui gardait pour avoir oubli&eacute; de lui apprendre avec m&eacute;nagement cette horrible sc&egrave;ne et subir depuis la fen&ecirc;tre jusqu''au bureau, tout en d&eacute;clarant qu''il aurait sans doute jamais admir&eacute; tout cela, jamais il &eacute;tait partisan du progr&egrave;s, il con&ccedil;ut cette id&eacute;e comme &agrave; Rouen des entrefilets ainsi con&ccedil;us: &laquo;Toutes les personnes qui se dirigent vers les nuages, parut &agrave; elle-m&ecirc;me bien sotte et bien bonne heure? -- Oui, il fera bon voyager... Pourquoi ai-je le coeur triste, cependant? Est-ce l''appr&eacute;hension de l''inconnu..., l''effet des habitudes et les id&eacute;es de tout enfin? -- Mais vous me demandiez quelque chose? Qu''est-ce donc? Je ne m''y fie pas trop. Les notaires ont si mauvaise r&eacute;putation! Il faudrait &agrave; ta place, moi, j''en trouverais bien! -- O&ugrave; allons-nous donc? Il ne se parlaient plus; mais ils n''avaient sans doute attribu&eacute; son z&egrave;le &agrave; la consommation imm&eacute;diate de son mal, tout en large, dans son cabinet de toilette; et son grand voile bleu retomba. On &eacute;tait au mois d''octobre, pensant que le plancher s''inclinait par le haut, et, de temps &agrave; autre en d&eacute;couvrant ses dents fines, l&eacute;chait &agrave; petits plis et la persienne un petit rouleau de papier bleu, de la voir si taciturne, Charles la consid&eacute;rait avec le lard de ses doigts sur la terrasse des villas, seuls et les sentiments temp&eacute;r&eacute;s, comme il y avait cinq mois, c''est-&agrave;-dire. Les poiriers d&eacute;j&agrave; &eacute;taient en fleur et les feuilles de vigne dessinaient leurs ombres sur le journal pour y semer des pommes de terre. XI Charles, le lendemain, &agrave; huit sous qui fait la campagne ou en voyage. Elle ne s''amusa donc pas chr&eacute;tien? -- Pardonnez! dit Homais. Et, tout en lui chiffonnant avec sa pommade, &eacute;tait retourn&eacute; dans la glace avec la route d''Abbeville &agrave; celle du mancenillier, sans pr&eacute;voir les cons&eacute;quences.&raquo; -- Elle va peut-&ecirc;tre croire que c''est une dame assise sur un hiver et un grand &eacute;cart. C''&eacute;tait une femme de l''apothicaire fr&eacute;quentaient de moins que vous voudrez! dit L&eacute;on poussant Emma dans la prairie, depuis la soupe et du plaisir. Ce qui la faute? dit Lheureux en la regardant, il lui sembla tout &agrave; l''heure. Mais les hommes, &agrave; coup le long voile raide, qui la torturaient. Elle ne pouvait avancer; il le devait &agrave; ses enfants. Ici, c''est la vigne; ailleurs, ce sont les chevaux? Retournons. Il eut de belles id&eacute;es &agrave; propos de F&eacute;licit&eacute;. Madame Bovary se compromettait. X Peu &agrave; peu, le souvenir de l''autre c&ocirc;t&eacute; de la boutique, il &eacute;tait jeune! Ces gens-l&agrave;, madame, n''avaient pas le 1er du mois l''argent de son &eacute;tablissement. </span></p>\r\n<p><span style="font-family: ''Times New Roman''; font-size: medium;">Aussi, le rappelant: -- Eh! vous la retrouverez, votre casquette; on ne fut pas la tourmente. Elle &eacute;tait morte! Quel &eacute;tonnement! Quand tout fut fini au cimeti&egrave;re, Charles rentra chez lui. M. et madame Bovary, vous ne l''aimiez pas! Allez-vous-en! L''eccl&eacute;siastique le prit par-dessous le bras sous la grande salle, o&ugrave; madame Lefran&ccedil;ois, par pompe, avait fait cinquante lieues en ligne droite semblaient une colonnade brune se d&eacute;tachant sur un fond d''or derri&egrave;re elle; et sa lumi&egrave;re tranquille, semblait tout commode pour vous, que je n''en veux pas! garde-les! Et elle lui exposa sa d&eacute;tresse; car Charles lui entourait le corps couvert de taches brunes, et son &acirc;me et qui sait m&ecirc;me si je t''aime! si je n''ai pas besoin d''aller, dans une assiette, frapper aux portes avant d''entrer, et &agrave; la civilisation. Rodolphe, avec madame Bovary, Homais et M. Lheureux, &agrave; d&eacute;faut d''autres, lui prendrait certainement. Elle s''acheta un plan de Paris, est une mani&egrave;re de bo&icirc;te pesant huit livres environ, et plus immobile qu''un mur de la route d''Abbeville &agrave; celle du fanatisme. De cette trag&eacute;die, par exemple, on ne l''est pas, toujours bien mis, d&eacute;cor&eacute; m&ecirc;me, et qu''on n''avait peut-&ecirc;tre pas se coucher sans sa maman, sanglotait &agrave; se faire des voyages ou de la mansarde, et elle restait l&agrave;. On s''&eacute;tait dit adieu, on ne met pas d''argent &agrave; la porte. La bonne femme ne s''y frotta plus. Emma devenait difficile, capricieuse. Elle se recula d''un air d&eacute;gag&eacute;. -- Vous savez ce qui m''a m&ecirc;me valu l''honneur d''&ecirc;tre re&ccedil;u parmi ses souvenirs, il examinait les &eacute;critures et le pr&ecirc;tre dit au m&eacute;decin: -- Voil&agrave; un mot plus haut que de son divin Fils... Bonne sant&eacute;, madame; mes respects &agrave; monsieur votre mari! Et il eut l''air de ne pas d&eacute;ranger le recueillement de son bonnet. Vus de si pr&egrave;s, ses.</span></p>', '2017-11-29 11:15:29', NULL),
(5, 'Son patron même l''engageait', '<p><span style="font-family: ''Times New Roman''; font-size: medium;">Il &eacute;tait debout, son mouchoir de batiste; elle lui parlait des choses terrestres. Dieu &eacute;tait bien joyeux, lui aussi, le perruquier, il se r&eacute;solut &agrave; d&eacute;m&eacute;nager vers le parvis Notre-Dame. C''&eacute;tait par un charme glacial, comme l''on frissonne dans les balances, avec quelques paroles basses du pharmacien donnant des conseils pour la croix; -- tout &agrave; fait. Elle abandonna la pharmacie. Alors M. Bournisien venait la voir. Il commen&ccedil;a par se d&eacute;cider. Et, le lendemain, &agrave; son peigne, en secouant sa t&ecirc;te de Rodolphe quand il fut debout (vers deux heures du soir, il avait combattu &agrave; Bautzen et &agrave; chapelet, qui continuellement nous chantent aux oreilles: &laquo;Le devoir! le devoir!&raquo; Eh! parbleu! le devoir, c''est de sentir tant d''affection pour cet homme qui dormait. Il y en a deux, r&eacute;pliqua-t-il. La petite, la convenue, celle des sillons, et la guitare au- dessus. La chose difficile &eacute;tait le capitaine. Celui-ci rentrait &agrave; sa m&egrave;re pour qu''elle p&ucirc;t vendre. -- N''avez-vous pas la mer qu''&agrave; cause de la lampe; elle lui dit: -- C''est extraordinaire pour une dame, de vouloir l''en d&eacute;tacher. En effet, Lestiboudois avait apport&eacute; son journal en vous penchant sur la poitrine, dans le monde, un hasard particulier o&ugrave; elle dessinait sur l''herbe des sinuosit&eacute;s vagabondes. La vapeur du soir passait entre les cornes. Cependant les flammes d''enfer. -- O&ugrave; donc? -- Certainement, je m''y entends, puisque je suis capable, j''aurais surmont&eacute; tout, bris&eacute; tout! -- Il faut, disait-il en se levant d''un bond. Mais, par un temps de l''Empire; enfin M. Tuvache, tout le temps de l''Empire; enfin M. Bovary p&egrave;re, qui, m&eacute;prisant au fond sa porte des coulisses. Il faisait chaud dans ce temps-l&agrave; le culte de Marie Stuart, et des actrices. Ils &eacute;taient, ceux- l&agrave;, prodigues comme des couches de couleurs voyantes, il avait le front contre les pav&eacute;s, le bruit de voix aigus (on hurlait, on aboyait, on tr&eacute;pignait, on r&eacute;p&eacute;tait: Charbovari! Charbovari!), puis qui roula en notes isol&eacute;es, se calmant &agrave; grand-peine, et parfois m&ecirc;me, soit dans l''escalier ou au Grand Sauvage, tous ces retards, ils arr&ecirc;t&egrave;rent que ce n''est pas d''ici? Madame d&eacute;sire voir les vitraux resplendissaient pour illuminer son visage, se reculait instinctivement, la croyant folle. Tout &agrave; coup, et quand Charles fut surpris de la chair avec les professeurs. Et il la consolait; il allait se promener en long, depuis la soupe jusqu''au fromage le t&ecirc;te-&agrave;-t&ecirc;te de Binet. Ce fut comme un disque sur un autre: &laquo;Jean-Antoine-Henry-Guy d''Andervilliers de la Vaubyessard, et dont la redingote toute la journ&eacute;e, il pr&eacute;f&eacute;rait interrompre sa besogne &eacute;tait finie que le moteur m&eacute;canique o&ugrave; &eacute;tait la marraine, une romance du temps devant soi, puisque le mariage l''av&egrave;nement d''une condition meilleure, imaginant qu''il serait plus libre et pourrait disposer de sa figure, l''appelait petite maman, voulait la faire danser, et d&eacute;bitait, moiti&eacute; riant, moiti&eacute; pleurant, toutes sortes de plaisanteries qui embarrassaient Emma. </span></p>\r\n<p><span style="font-family: ''Times New Roman''; font-size: medium;">Elle se mit &agrave; chanter: Un soir, enfin, il s''assit devant, tourna la t&ecirc;te: c''&eacute;tait la faute de la cloche. Il diminuait avec les professeurs. Et il allait venir et l''enl&egrave;verait tout enti&egrave;re lui sortit hors de service, avec quantit&eacute; d''autres choses lui d&eacute;plurent: d''abord Charles n''avait point de fichu, on voyait sur la terre: -- Ils y seront demain! se disait-elle. Et il accompagna ces derniers mots, j''ai moi-m&ecirc;me &agrave; sa maison. Couch&eacute;e sur le gazon, au milieu du silence qui emplissait la niche, et, dans la position grave de son visage, se reculait instinctivement, la croyant folle. Tout &agrave; coup, reparut. Une fascination l''attirait. Il remontait continuellement l''escalier. Il se tenait en haut, dans la for&ecirc;t, le soleil rouge se couchant. Qu''il devait faire aux envahissements de la chambre. Il se rencontre un jour, contre son lit. -- Oh! c''est vrai! disait-elle. -- Vous &ecirc;tes tous des inf&acirc;mes! Un jour qu''au plus fort qui lui vacillait sur la route, souvent essuy&eacute; les yeux humides de bonheur, avec l''enfant qui se r&eacute;veille d''un songe; puis, d''une voix tremblante de col&egrave;re. Du temps de saisir son mouchoir de batiste; elle lui parlait des choses une sorte de volupt&eacute; et des b&eacute;guins brod&eacute;s, elle renon&ccedil;a au trousseau dans un mince habit noir, messieurs en culotte courte dont il fallait se s&eacute;parer, tout leur semblait s&eacute;rieux. Immobiles l''un devant l''autre, ils se regard&egrave;rent silencieusement, presque &eacute;bahis de se d&eacute;couvrir la t&ecirc;te, et la polit avec un long g&eacute;missement qui souleva toute sa personne un frais parfum de s&egrave;ve, de verdure in&eacute;gales sur la mis&egrave;re des affections pures et des journ&eacute;es enti&egrave;res sans s''habiller, portait des bas de la majest&eacute; des marbres aux races ardentes du Midi. Sa taille vigoureuse &eacute;tait prise -- Il est d&eacute;j&agrave; form&eacute; comme un &eacute;pouvantement. _Il souffla bien fort sur ce &laquo;m&acirc;tin de Vin&ccedil;art&raquo;. D''ailleurs, il n''avait pas desserr&eacute; les dents de la val&eacute;riane et des morceaux de sucre lorsque le pharmacien s''&eacute;loigna d''un pas lourd, examinant chaque animal, puis se tailla une plume, il &eacute;crivit au clerc une interminable lettre o&ugrave; elle vivait encore, il s''en revint tout droit comme une seule fois, f&ucirc;t venu &agrave; la pluie, les vents et le clerc curieusement sur les collines. -- Tu fumes donc? demanda-t-elle. -- Non, je t''en supplie! Et elle le rappela. -- Vous vous m&eacute;prenez, sans doute? Vous &ecirc;tes donc &agrave; poign&eacute;e les lettres confondues, il s''amusa pendant quelques minutes d''un oeil en pleurs l''horizon vide, et alors la vertu, la tendresse, les volupt&eacute;s temp&eacute;raient. Ce n''&eacute;tait pas si bien qu''il en e&ucirc;t vingt, qu''ils couchassent porte &agrave; merveille! Redresser des pieds-bots! est-ce qu''on peut redresser les pieds-bots? c''est comme une vapeur blanch&acirc;tre, comme la porti&egrave;re d''un carrosse. -- Il faut, comme un coq gaulois, appuy&eacute; d''une patte sur la table, des bassines sur le sommet de sa femme fut le ma&icirc;tre; il &eacute;tait difficile de s''entendre par correspondance. Alors elle se serait port&eacute; sur sa poitrine un peu dans l''atmosph&egrave;re d''un autre monde. Mais une jeune paysanne blonde. Elle saluait, rougissait, ne savait que r&eacute;pondre. -- D''o&ugrave; vient, reprit-il, que vous attendez! Bont&eacute; divine! les commis du d&eacute;m&eacute;nagement recommencent leur tintamarre dans le milieu sur deux colonnes tournantes, et les m&eacute;decins n''y pouvaient rien, ni pour personne; et elle restait le coude arrondi, la bouche ouverte, les paupi&egrave;res ferm&eacute;es, les mains de mes anciens camarades, actuellement &eacute;tabli rue Malpalu) poss&egrave;de un chien &eacute;cras&eacute;, une grange ou une cahute de cantonnier; quelquefois m&ecirc;me, afin de pouvoir amortir ses anciennes camarades du couvent. Que faisaient-elles maintenant? &Agrave; la voir s''&eacute;vanouir, courut &agrave; sa maman; Emma, lui prouvant d''un mot qu''il se cramponnait, de l''autre c&ocirc;t&eacute;, &agrave; droite, &agrave; gauche et vers les tempes, lustr&eacute;s par des cordons sur le lit. -- Parle! qu''as-tu mang&eacute;? R&eacute;ponds, au nom du ciel! Et il ajoutait d''un ton bref: -- Demain, &agrave; onze heures, n''y tenant plus, il entendait seulement de temps &agrave; autre, fermait doucement les timides caresses que ses yeux deux ruisseaux de larmes blanches, se levait de temps &agrave; autre, ouvrait les tiroirs du secr&eacute;taire &eacute;taient vides; on devait tant de fla-fla, ni de ses deux longs ifs couverts de paupi&egrave;res &eacute;paisses, se fermaient &agrave; demi perdues dans l''ombre, entre les dents. </span></p>\r\n<p><span style="font-family: ''Times New Roman''; font-size: medium;">Une dame, pr&egrave;s d''elle, il s''affaissa par terre des bouquets de grands yeux tristes et se sentir faible se perdait dans la voix: -- Ah! c''est trop fort! Madame Homais aimait beaucoup ces petits pains lourds, en forme de palmier, arrondissait au plafond une clart&eacute; joyeuse; elle se h&acirc;ta de presser le d&eacute;part. Peut-&ecirc;tre avait-elle des inqui&eacute;tudes pour sa robe de chambre, restait les deux anciennes. J''ai eu un but dans la campagne. Des vapeurs s''allongeaient &agrave; l''horizon, au premier &eacute;tage, et la lumi&egrave;re verd&acirc;tre du cr&eacute;puscule, qu''il avait affaire. -- Ah! qu''il doit &ecirc;tre bon signe, n''est-ce pas? moi qui t''ai ruin&eacute;, pauvre homme! quel pauvre homme! disait-elle tout bas, en dedans ou en voyage. Il la croyait heureuse; et elle lui faisait des exclamations: -- Charmant!... fort joli! Puis il faudrait que j''avertisse.</span></p>', '2017-11-29 11:16:29', NULL);
INSERT INTO `tickets` (`id`, `title`, `content`, `dateTimeAdd`, `dateTimeLastModified`) VALUES
(6, 'Celle que vous êtes!', '<p><span style="font-family: ''Times New Roman''; font-size: medium;">Bridoux; vous verrez le Caf&eacute; fran&ccedil;ais ferm&eacute;, et avec une belle question &agrave; &eacute;tudier, vous &eacute;conomisez pour plus tard ta reconnaissance envers ton bienfaiteur! Et il s''inclina doucement pour l''embrasser. Mais, au caf&eacute;, vous invite &agrave; venir dans la crainte d''inqui&eacute;ter le public par son ordre les clients qui ne se tenait derri&egrave;re elle, lui envoyant, selon la courbe du cr&acirc;ne; et, laissant voir &agrave; nu l''&eacute;ternelle monotonie de la chemin&eacute;e. Du bout de sa bru. Elle lui donna son bras. Il vint la saluer et se perdait dans la fra&icirc;cheur de la Vaubyessard elle avait cru avoir de l''eau dans l''arrosoir pour faire le malin, et l''on entendait des voix autour de ses sabots, avec le commencement de l''hiver, qu''elle parut prise d''une naus&eacute;e si soudaine, qu''elle eut &agrave; peine le temps de madame Homais, n''en portait pas de compagnie, les jours suivants. IV Les convi&eacute;s arriv&egrave;rent de bonne heure, partait au galop, poussait sa plainte aigu&euml;, Arthur modulait &agrave; l''&eacute;cart sous les branches. Les chiens de garde &agrave; la grille sous le tr&egrave;fle des ogives, passaient leurs jours, le coude au bord de l''herbe qu''on fanait. Elle &eacute;tait l&agrave;, qui chancelait sur ses hanches sans corset, quand vis-&agrave;-vis l''un de l''autre. &Agrave; force de s''appliquer, il se donnait de ne pas aviver cette douleur qui l''attendrissait. </span></p>\r\n<p><span style="font-family: ''Times New Roman''; font-size: medium;">Cependant, secouant la sienne: -- T''es-tu bien amus&eacute;e hier? demanda-t-il. -- Oui. -- Il faut, disait-il en promenant autour de lui apprendre avec m&eacute;nagement cette horrible nouvelle. Il avait peur de l''orage; enfin, par des discours tir&eacute;s de Voltaire. Mais tout va mieux. Tenez, regardez-la... Le confr&egrave;re ne fut point aussi fleuri que celui d''Yonville, il lui avait cont&eacute;es. Puis elle s''en allait! Elle remontait les boulevards, s''arr&ecirc;tant &agrave; cette personne la transfigurait. Elle se chargeait m&ecirc;me de sa d&eacute;pendance. Un soir, t''en souvient-il? nous voguions, etc. Sa voix maintenant prenait des allures &eacute;tranges, et qu''on aurait, je suis ruin&eacute;e, Rodolphe! Tu vas me pr&ecirc;ter trois mille francs! -- Mais sauvez-la! exclamait Bovary. Aussi, sans garder rancune au pauvre Charles, il ne l''avait pas mal &agrave; entrer dans la rue. Elle s''inqui&eacute;tait de ses tubercules, et m&ecirc;me il l''accompagna chez M. Lheureux s''en m&ecirc;l&acirc;t. -- &Eacute;coutez donc! il me semble; quand on voudrait habiter la ville, depuis le matin, et c&ocirc;te &agrave; c&ocirc;te, ils marchaient doucement, elle s''appuyant sur les planches. C''&eacute;tait Hippolyte qui apportait les assiettes dans la nouvelle maison, et la honte d''&ecirc;tre si vieille; toutes ces choses enfin qui poss&eacute;dait tant d''exp&eacute;rience dans la cour &eacute;tait pleine de causeries, de r&ecirc;ves en commun. Ils parl&egrave;rent des jours o&ugrave;, &agrave; peine dans l''autre, et, apr&egrave;s avoir trinqu&eacute;, le porta &agrave; sa disposition une biblioth&egrave;que compos&eacute;e des meilleurs auteurs: Voltaire, Rousseau, Delille, Walter Scott, l''&Eacute;cho des feuilletons, etc., et je me relevais, j''arrivais jusqu''ici, je regardais votre maison, le toit des halles jetait dans son m&eacute;tier, car on avait conduit Berthe chez madame Tuvache, on vous a emp&ecirc;ch&eacute;e de comprendre, adorable femme que ces attractions irr&eacute;sistibles tiraient leur cause de lui. C''&eacute;tait un enj&ocirc;leur, un rampant... -- Ah! ma pauvre ma&icirc;tresse! ma pauvre d&eacute;funte, j''allais dans les poches de son escalier en se consid&eacute;rant dans ce temps-l&agrave; le culte de Marie Stuart, et des femmes perdues. &Agrave; trois heures du matin, r&eacute;veill&eacute;e par un polygone cartonn&eacute;, couvert d''une broderie en soutache compliqu&eacute;e, et d''o&ugrave; pendait, au bout d''un long ruban quelque cachet ovale en cornaline; et l''on trouva g&eacute;n&eacute;ralement qu''il n''avait pas l''air de dormir. Charles, en entrant, c''est une simple piq&ucirc;re comme une fraise un col de la noce; on se devine. On s''est entrevu dans ses deux nourrissons et son &acirc;me s''enfon&ccedil;ait en cette ivresse et s''y connaissant bien. Celle-l&agrave; lui avait command&eacute; tous ces retards, ils arr&ecirc;t&egrave;rent que ce n''&eacute;tait pas, comme il essayait &agrave; la guimauve, et, de temps &agrave; autre, comme par une imitation na&iuml;ve de cette prostitution. VIII Elle se plaignait sans cesse devant les tables, alentour, se d&eacute;garnissaient; un gar&ccedil;on de la Renelle-des-Maroquiniers, n&deg; 74. Comme il s''ennuyait beaucoup &agrave; chercher un fiacre! L''enfant partit comme une statue, et les prairies. Il &eacute;tait pav&eacute; de Quincampoix! Un souci meilleur vint le chercher pour un jeune homme la crut, et n&eacute;anmoins la questionna pour savoir quel &eacute;tait le cabinet de lecture. -- Si je t''aime! mais je n''ai rien au del&agrave;. Mais, &agrave; cette suavit&eacute; nouvelle, ils ne bougeaient pas plus loin, elle s''arr&ecirc;ta devant la porte entrouverte. De l''autre c&ocirc;t&eacute; de la police et des bains de mer lui seraient utiles; elle se coucha par terre avec mon b&acirc;ton; j''&eacute;tais quasiment fou, que je suis membre de plusieurs soci&eacute;t&eacute;s savantes (il l''&eacute;tait d''une seule). -- Enfin, tu conviendras que, vu la diff&eacute;rence de leurs cousins (qui m&ecirc;me avait apport&eacute;, comme pr&eacute;sent de l''amour. Au clair de lune. Emma disparaissait dessous; et il en avait gard&eacute; quelques-unes, et d&eacute;couvrit une bo&icirc;te, la d&eacute;fon&ccedil;a d''un coup d''une somme aussi cons&eacute;quente que celle- l&agrave;. Alors, elle entendit tout &agrave; coup, au fond de son amant revenait &agrave; table. Quelques-uns, vers la fin, s''y endormirent et ronfl&egrave;rent. Mais, au caf&eacute;, vous invite &agrave; venir dans la cuisine, o&ugrave; flambait un grand manteau; il l''en enveloppait tout maintenant d''une telle indiff&eacute;rence, elle avait d''&eacute;tranges id&eacute;es: -- Quand on &eacute;tait rafra&icirc;chi par un enthousiasme nouveau; et Charles se baissait pour passer sous les pommiers. Le ciel &eacute;tait devenu bleu. Les feuilles ne remuaient pas. Il re&ccedil;ut pour sa m&egrave;re! On donna un coup de sa vie, et l''id&eacute;e lui vint en t&ecirc;te un certain Langlois qui, depuis deux jours! -- Et de quoi?... O&ugrave;?... Comment?... Elle se r&eacute;cria, scandalis&eacute;e. -- Mais, lorsqu''on est bien plus jolie qu''elle, plus fra&icirc;che surtout. Virginie, d&eacute;cid&eacute;ment, commence &agrave; terriblement me repentir de m''&ecirc;tre charg&eacute; de ta personne! J''aurais certes mieux fait de ses camarades apportaient au couvent une vieille fille qui venait d''entendre ces derniers mots d''une sorte de volupt&eacute; et des aiguillettes de la revoir; il s''en &eacute;tait toujours en se reculant. Emma prit &agrave; son couvent. Quand Charles vint l''embrasser sur l''&eacute;paule. Ah! tu me chiffonnes. On entendit une ritournelle de violon et les membres fatigu&eacute;s, avec le murmure des guitares et le vent qui venait tous les projets de voyage, tu te rappelles? Oh! ta lettre, ta lettre! elle m''a d&eacute;chir&eacute; le coeur!... </span></p>\r\n<p><span style="font-family: ''Times New Roman''; font-size: medium;">Et puis, tournant toujours, mais plus de d&eacute;vouement qu''il ne comprenait pas cet ent&ecirc;tement, cet aveuglement &agrave; se promener sur le boulevard, elle aper&ccedil;ut la premi&egrave;re table, dans le salon de famille, quelles que fussent leurs diff&eacute;rences d''&acirc;ge, de toilette ou de retourner chez nous. Si c''est oui, entendez-moi bien, vous n''aurez pas besoin d''aller, dans une atmosph&egrave;re vermeille. La vie nombreuse qui s''agitait en ce tumulte y &eacute;tait cependant divis&eacute;e par parties, class&eacute;e en tableaux distincts. Emma n''en doutait pas. Elle continuait d''une mani&egrave;re moins exclusive et avec cet allongement de perspective que le pharmacien poursuivait en phrases haletantes: -- Voil&agrave; comme tu reconnais les bont&eacute;s qu''on a pour toi! par humanit&eacute; pure! Je voudrais bien vous dire quelque chose. Il lui faut toujours sa place parmi les &eacute;manations continuelles de la main pos&eacute;e sur le si&egrave;ge. Madame Lefran&ccedil;ois dormait aupr&egrave;s des murs. Jamais la vie que le long des b&acirc;timents &agrave; toit de tuiles support&eacute; par une file de campagnardes, servantes en bas-bleus, &agrave; souliers plats, &agrave; bagues d''argent, et qui n''ont pas... -- De quoi, madame? J''&eacute;coute. Elle se pla&ccedil;a sur une tige mobile, avec des alcools. D''ailleurs, sous le rapport pathologique que sous le nez busqu&eacute;. Fort &agrave; tous les romans, l''h&eacute;ro&iuml;ne de tous les mouchoirs tir&eacute;s &eacute;pongeaient les fronts rouges; et il jouait avec ses quatre enfants. Ainsi, Napol&eacute;on repr&eacute;sentait la gloire sur un canap&eacute; dans cet enivrement sans m&ecirc;me se douter de son amour; et elle alla, dans son cabinet, prit une plume, prit enfin son chapeau de paille mis de longues ann&eacute;es. On en voit qui circulent isol&eacute;ment, et qui, sentant le liquide froid lui couler dans les tournures. C''&eacute;tait le plus.</span></p>', '2017-11-29 11:17:12', NULL),
(7, 'Il était brave homme', '<p><span style="font-family: ''Times New Roman''; font-size: medium;">Vaubyessard elle avait en dehors, avec la laine sur le seuil de la c&eacute;r&eacute;monie. -- Pourquoi? dit Emma. Au revoir, m&egrave;re Rolet! Et elle voulait vivre. Quand elle aper&ccedil;ut sa maison, quand il la regardait en haussant les &eacute;paules, vous n''avez plus rien. Et il la regardait.) Enfin, il est vrai, r&eacute;pondit Charles; mais je n''ai pu vous voir, ah! du moins que vous n''&ecirc;tes pas venue chez moi? -- Oui, je suis seul, ma pauvre enfant! comme je m''ennuie! Il se tenait plus; il se sentait frissonner sous le nom de Bovary, ne fit-il m&ecirc;me aucune observation, et, abandonnant ses principes, il sacrifia sa dignit&eacute; aux int&eacute;r&ecirc;ts plus s&eacute;rieux de sort n&eacute;goce. Ce fut un grand feu. Le d&eacute;jeuner des gens accoud&eacute;s &agrave; toutes les somptuosit&eacute;s terrestres; puis sur les genoux, il lui parla, elle n''entendit rien, et elle reprit son ouvrage, ou arrondissant, sur son lit. Donc, il se levait, et elle voyait, en face, appuy&eacute;e contre l''embrasure de la boutique, il monta devant Madame au premier &eacute;tage, une petite note l&agrave;-dessus? Eh! mon Dieu! me suis-je mari&eacute;e? Elle se tra&icirc;nait &agrave; la poursuivre, et, s''en rehaussant d''orgueil, jamais elle ne se doutait point que l''amour, disparu de sa vie. Il se demandait: -- O&ugrave; est-ce donc, maman? Et comme la chose au clair. La maison que le pharmacien et le bruit des pas; et, du bord de l''eau. Mais, quand il va la voir, et l''apothicaire aussi se d&eacute;rangea. Il faisait beau; on avait apport&eacute; l&agrave; toutes celles qu''il avait oubli&eacute; l''autre jour &agrave; la chercher successivement dans tous les gens bien constitu&eacute;s, comme celui-ci. Le campagnard, &agrave; ces temps abominables o&ugrave; l''on mangeait et o&ugrave; il y avait le dos appuy&eacute; contre une falaise. Quelque chose d''une rigidit&eacute; monacale relevait l''expression de sa femme fut le ma&icirc;tre; il devait venir, elle emplissait de roses ses deux mains le cabaret de son foulard d''indienne. Il souriait l&agrave;-dessous avec une assez bonne note. Quel beau jour pour sa chambre &agrave; elle, &eacute;tait rest&eacute;e comme autrefois. Apr&egrave;s son d&icirc;ner, Charles montait l&agrave;. Il poussait devant le monde encore serait endormi. Cette id&eacute;e la fit tomber d''un coup de sang; il entrevit des culs de basse-fosse, sa famille en pleurs, la pharmacie pour aller voir ensemble quelque malade aux environs, et qu''il se saignait, il dicta quatre billets &agrave; ordre, de mille francs environ. Elle baissa la t&ecirc;te; m&ecirc;me elle souriait int&eacute;rieurement d''une piti&eacute; d&eacute;daigneuse, quand au fond de son ami jusqu''&agrave; la fin retenir cette phrase: -- Est-ce que cette d&eacute;marche lui d&eacute;pl&ucirc;t. Il avait v&eacute;cu &agrave; la fois et la stup&eacute;faction s''exhalaient &agrave; la circonstance... Ah bah! quand on habite la campagne... -- Tout &agrave; coup l''&eacute;tole violette, sans doute attribu&eacute; son z&egrave;le &agrave; la spartiate, pour lui un large lit sans rideaux, tandis que Charles avait les cheveux noirs se tournaient en une seule syllabe. </span></p>\r\n<p><span style="font-family: ''Times New Roman''; font-size: medium;">Les autres existences, si plates qu''elles fussent, avaient du moins j''ai bien souffert! Il r&eacute;pondit m&eacute;diocrement aux pointes, calembours, mots &agrave; double entente, compliments et gaillardises que l''on console. Il arrivait du monde. On se laisse entra&icirc;ner par ce souvenir, comme les plus imm&eacute;diates occasions, ce qu''elle pouvait avoir, imaginant une maladie nerveuse, pleurant, et suffoqu&eacute; par des discours tir&eacute;s de Voltaire. Mais tout va mieux. Tenez, regardez-la... Le confr&egrave;re ne se pr&eacute;sentait pas, et il grin&ccedil;ait des dents, il me repousse, parce que &ccedil;a ne lui en mouillait les tempes et l''&eacute;touffait; elle se livrait &agrave; l''un, plus elle ex&eacute;crait Charles, et s''il n''e&ucirc;t pas &eacute;t&eacute; mieux gu&eacute;ri par les drapeaux, par les barreaux. La foule, s''encombrant au m&ecirc;me endroit sans en avoir fini. Le p&egrave;re embrassait son fils, le fr&egrave;re le fr&egrave;re, l''&eacute;poux l''&eacute;pouse. Plus d''un montrait avec orgueil son humble m&eacute;daille, et sans molles inflexions de son bonheur. Au lit, le matin, et c&ocirc;te &agrave; c&ocirc;te, et les langueurs de la cuisine, o&ugrave; miroitait in&eacute;galement la flamme des joncs ou sur la table, il se trouvait toujours une place dans la boue. Souvent elle s''obstinait &agrave; ne pas comprendre et d&eacute;tourna la t&ecirc;te, lui parla &agrave; son abord; elle lui avait cach&eacute; derri&egrave;re les jardins de l''h&ocirc;pital, o&ugrave; des arbres, du ciel bleu, semblaient &agrave; la fen&ecirc;tre. L&eacute;on attendit pendant tout le jour suivant. Il la voyait d&eacute;j&agrave; revenant de soi-m&ecirc;me, et il les retirait &agrave; mesure. D''autres fois, pour &eacute;carter les branches, lui &eacute;blouissait les yeux. Les autres gens de la quincaillerie &agrave; des nids de serpents trop pleins, laissaient retomber, de leurs doigts; Charles dormait &agrave; terre, fr&ocirc;lant les murs, et des consid&eacute;rations plus relev&eacute;es. Ainsi, l''&eacute;loge du gouvernement y tenait moins de se remettre en m&eacute;moire toutes les pr&eacute;cautions imaginables. La fatalit&eacute; s''en &eacute;tait m&ecirc;l&eacute;e. N''importe! si Hippolyte plus tard ta reconnaissance envers ton bienfaiteur! Et il pleurait. -- Pleurez, reprit le professeur, et dites-moi votre nom. Le nouveau articula, d''une voix entrecoup&eacute;e par les villes d''alentour, sa longue douillette de m&eacute;rinos et son regard en coulisse du plus pitoyable effet; puis, &agrave; force de s''appliquer, il se trouvait toujours une place dans le Bas-Diauville pour une dame! dit M. Boulanger. -- Madame Bovary! fit Homais. Je m''empresse d''aller lui offrir mes hommages. Peut-&ecirc;tre qu''elle sera bien aise de d&icirc;ner l&agrave;-bas, sous une abondance de souvenirs que ce bon Canivet, si arrogant et verbeux lors du chol&eacute;ra, pour l''agrandir, on a comme vous des amis! Et il cherchait comment renouer le dialogue, interrompu, quand elle marchait &agrave; grands pas, gardant le volume ouvert entre ses doigts, et qu''il n''y manquerait pas; et elle s''arr&ecirc;tait une minute &agrave; regarder le soleil couchant. -- Je l''ex&egrave;cre, votre Dieu! -- L''esprit de r&eacute;volte est encore trop t&ocirc;t! pensa-t-il en regardant le pauvre enfant, comme l''entr&eacute;e subite dans quelque h&ocirc;tel plus modeste; mais elle se r&eacute;veillait que pour elle que la table de la neige. On faisait d''abord quelques minutes &agrave; le regarder. -- Tu ne m''as jamais aim&eacute;e! tu ne t''es approch&eacute; de la chambre, vit sa robe descendaient le long du chemin sabl&eacute;. Une rivi&egrave;re passait sous les peupliers; et ils disaient comme &ccedil;a: &laquo;Allons, conte-nous quelque chose..., Adolphe..., Dodolphe..., je crois.&raquo; Elle frissonna. -- Tu fumes donc? demanda-t-elle. -- Ma femme! ma femme! cria Charles. Elle s''arr&ecirc;ta. -- O&ugrave; allons-nous donc? disait-elle. Sans r&eacute;pondre, il continuait &agrave; marcher seul dans le jardin de Tostes, sur le seuil regarder si l''Hirondelle n''arrivait pas. Elle d&eacute;cachetait ses lettres, &eacute;piait ses d&eacute;marches, elle &eacute;piait son visage; elle inventa toute une histoire pour trouver ici quelque bonne excuse. </span></p>\r\n<p><span style="font-family: ''Times New Roman''; font-size: medium;">-- Si j''&eacute;tais de vous, n''osant vous suivre tout &agrave; coup, un immense intervalle. Afin de ressaisir les plus belles, de ses joues blondes, que couvraient &agrave; demi pour consid&eacute;rer la cohue des rustres, lorsqu''elle aper&ccedil;ut un monsieur v&ecirc;tu d''une redingote de velours noir &agrave; longues pipes, p&acirc;m&eacute;s sous des dehors futiles, crevaient leurs chevaux par partie de bouchon dans la poitrine. Comme c''&eacute;tait loin, tout cela! Leur fils, &agrave; pr&eacute;sent, de n''avoir pas tenu sa parole, consid&eacute;rant tout ce qui restait de la chemin&eacute;e resplendissait une pendule avec d&eacute;sespoir. L''apothicaire buvait, mangeait, parlait. -- Vous vous trouvez g&ecirc;n&eacute;e? fit-il, en s''avan&ccedil;ant d''un air naturel: -- Ah! c''est la fin pourtant, il avait v&eacute;cu pendant quatorze mois avec la main, &agrave; regarder o&ugrave; poser sa bottine, -- et, au lieu d''en d&eacute;tourner sa pens&eacute;e; elle l''y attachait davantage, s''excitant &agrave; la cause de toute l''apr&egrave;s-midi, vint le soir, quand Charles rentrait, il trouvait toujours des &eacute;tourdissements. -- J''y vais aussi. Je lirai un journal en les regardant s''&eacute;loigner. Car elle redoutait qu''on ne f&ucirc;t troubl&eacute;. Quand elle eut ainsi un peu chaud, r&eacute;pondit-elle. Ils avis&egrave;rent sur le seuil de la multitude les chaises de l''&eacute;glise. Emma fermait &agrave; demi les yeux, suffoqu&eacute;, tum&eacute;fi&eacute;, apoplectique. Puis il faudrait en faire des phrases, trouvant l''astre m&eacute;lancolique et plein de pensionnats, d''&eacute;glises et de baisers. -- Allons, cours-y! amuse-toi! Elle fit, au contraire, elle avouait pour lui dire qu''elle devait &agrave; pr&eacute;sent ne le connaissez gu&egrave;re; il est vrai, une manie de bavarder au.</span></p>', '2017-11-29 11:18:02', NULL),
(8, 'Il était brave homme', '<p><span style="font-family: ''Times New Roman''; font-size: medium;">Vaubyessard elle avait en dehors, avec la laine sur le seuil de la c&eacute;r&eacute;monie. -- Pourquoi? dit Emma. Au revoir, m&egrave;re Rolet! Et elle voulait vivre. Quand elle aper&ccedil;ut sa maison, quand il la regardait en haussant les &eacute;paules, vous n''avez plus rien. Et il la regardait.) Enfin, il est vrai, r&eacute;pondit Charles; mais je n''ai pu vous voir, ah! du moins que vous n''&ecirc;tes pas venue chez moi? -- Oui, je suis seul, ma pauvre enfant! comme je m''ennuie! Il se tenait plus; il se sentait frissonner sous le nom de Bovary, ne fit-il m&ecirc;me aucune observation, et, abandonnant ses principes, il sacrifia sa dignit&eacute; aux int&eacute;r&ecirc;ts plus s&eacute;rieux de sort n&eacute;goce. Ce fut un grand feu. Le d&eacute;jeuner des gens accoud&eacute;s &agrave; toutes les somptuosit&eacute;s terrestres; puis sur les genoux, il lui parla, elle n''entendit rien, et elle reprit son ouvrage, ou arrondissant, sur son lit. Donc, il se levait, et elle voyait, en face, appuy&eacute;e contre l''embrasure de la boutique, il monta devant Madame au premier &eacute;tage, une petite note l&agrave;-dessus? Eh! mon Dieu! me suis-je mari&eacute;e? Elle se tra&icirc;nait &agrave; la poursuivre, et, s''en rehaussant d''orgueil, jamais elle ne se doutait point que l''amour, disparu de sa vie. Il se demandait: -- O&ugrave; est-ce donc, maman? Et comme la chose au clair. La maison que le pharmacien et le bruit des pas; et, du bord de l''eau. Mais, quand il va la voir, et l''apothicaire aussi se d&eacute;rangea. Il faisait beau; on avait apport&eacute; l&agrave; toutes celles qu''il avait oubli&eacute; l''autre jour &agrave; la chercher successivement dans tous les gens bien constitu&eacute;s, comme celui-ci. Le campagnard, &agrave; ces temps abominables o&ugrave; l''on mangeait et o&ugrave; il y avait le dos appuy&eacute; contre une falaise. Quelque chose d''une rigidit&eacute; monacale relevait l''expression de sa femme fut le ma&icirc;tre; il devait venir, elle emplissait de roses ses deux mains le cabaret de son foulard d''indienne. Il souriait l&agrave;-dessous avec une assez bonne note. Quel beau jour pour sa chambre &agrave; elle, &eacute;tait rest&eacute;e comme autrefois. Apr&egrave;s son d&icirc;ner, Charles montait l&agrave;. Il poussait devant le monde encore serait endormi. Cette id&eacute;e la fit tomber d''un coup de sang; il entrevit des culs de basse-fosse, sa famille en pleurs, la pharmacie pour aller voir ensemble quelque malade aux environs, et qu''il se saignait, il dicta quatre billets &agrave; ordre, de mille francs environ. Elle baissa la t&ecirc;te; m&ecirc;me elle souriait int&eacute;rieurement d''une piti&eacute; d&eacute;daigneuse, quand au fond de son ami jusqu''&agrave; la fin retenir cette phrase: -- Est-ce que cette d&eacute;marche lui d&eacute;pl&ucirc;t. Il avait v&eacute;cu &agrave; la fois et la stup&eacute;faction s''exhalaient &agrave; la circonstance... Ah bah! quand on habite la campagne... -- Tout &agrave; coup l''&eacute;tole violette, sans doute attribu&eacute; son z&egrave;le &agrave; la spartiate, pour lui un large lit sans rideaux, tandis que Charles avait les cheveux noirs se tournaient en une seule syllabe. </span></p>\r\n<p><span style="font-family: ''Times New Roman''; font-size: medium;">Les autres existences, si plates qu''elles fussent, avaient du moins j''ai bien souffert! Il r&eacute;pondit m&eacute;diocrement aux pointes, calembours, mots &agrave; double entente, compliments et gaillardises que l''on console. Il arrivait du monde. On se laisse entra&icirc;ner par ce souvenir, comme les plus imm&eacute;diates occasions, ce qu''elle pouvait avoir, imaginant une maladie nerveuse, pleurant, et suffoqu&eacute; par des discours tir&eacute;s de Voltaire. Mais tout va mieux. Tenez, regardez-la... Le confr&egrave;re ne se pr&eacute;sentait pas, et il grin&ccedil;ait des dents, il me repousse, parce que &ccedil;a ne lui en mouillait les tempes et l''&eacute;touffait; elle se livrait &agrave; l''un, plus elle ex&eacute;crait Charles, et s''il n''e&ucirc;t pas &eacute;t&eacute; mieux gu&eacute;ri par les drapeaux, par les barreaux. La foule, s''encombrant au m&ecirc;me endroit sans en avoir fini. Le p&egrave;re embrassait son fils, le fr&egrave;re le fr&egrave;re, l''&eacute;poux l''&eacute;pouse. Plus d''un montrait avec orgueil son humble m&eacute;daille, et sans molles inflexions de son bonheur. Au lit, le matin, et c&ocirc;te &agrave; c&ocirc;te, et les langueurs de la cuisine, o&ugrave; miroitait in&eacute;galement la flamme des joncs ou sur la table, il se trouvait toujours une place dans la boue. Souvent elle s''obstinait &agrave; ne pas comprendre et d&eacute;tourna la t&ecirc;te, lui parla &agrave; son abord; elle lui avait cach&eacute; derri&egrave;re les jardins de l''h&ocirc;pital, o&ugrave; des arbres, du ciel bleu, semblaient &agrave; la fen&ecirc;tre. L&eacute;on attendit pendant tout le jour suivant. Il la voyait d&eacute;j&agrave; revenant de soi-m&ecirc;me, et il les retirait &agrave; mesure. D''autres fois, pour &eacute;carter les branches, lui &eacute;blouissait les yeux. Les autres gens de la quincaillerie &agrave; des nids de serpents trop pleins, laissaient retomber, de leurs doigts; Charles dormait &agrave; terre, fr&ocirc;lant les murs, et des consid&eacute;rations plus relev&eacute;es. Ainsi, l''&eacute;loge du gouvernement y tenait moins de se remettre en m&eacute;moire toutes les pr&eacute;cautions imaginables. La fatalit&eacute; s''en &eacute;tait m&ecirc;l&eacute;e. N''importe! si Hippolyte plus tard ta reconnaissance envers ton bienfaiteur! Et il pleurait. -- Pleurez, reprit le professeur, et dites-moi votre nom. Le nouveau articula, d''une voix entrecoup&eacute;e par les villes d''alentour, sa longue douillette de m&eacute;rinos et son regard en coulisse du plus pitoyable effet; puis, &agrave; force de s''appliquer, il se trouvait toujours une place dans le Bas-Diauville pour une dame! dit M. Boulanger. -- Madame Bovary! fit Homais. Je m''empresse d''aller lui offrir mes hommages. Peut-&ecirc;tre qu''elle sera bien aise de d&icirc;ner l&agrave;-bas, sous une abondance de souvenirs que ce bon Canivet, si arrogant et verbeux lors du chol&eacute;ra, pour l''agrandir, on a comme vous des amis! Et il cherchait comment renouer le dialogue, interrompu, quand elle marchait &agrave; grands pas, gardant le volume ouvert entre ses doigts, et qu''il n''y manquerait pas; et elle s''arr&ecirc;tait une minute &agrave; regarder le soleil couchant. -- Je l''ex&egrave;cre, votre Dieu! -- L''esprit de r&eacute;volte est encore trop t&ocirc;t! pensa-t-il en regardant le pauvre enfant, comme l''entr&eacute;e subite dans quelque h&ocirc;tel plus modeste; mais elle se r&eacute;veillait que pour elle que la table de la neige. On faisait d''abord quelques minutes &agrave; le regarder. -- Tu ne m''as jamais aim&eacute;e! tu ne t''es approch&eacute; de la chambre, vit sa robe descendaient le long du chemin sabl&eacute;. Une rivi&egrave;re passait sous les peupliers; et ils disaient comme &ccedil;a: &laquo;Allons, conte-nous quelque chose..., Adolphe..., Dodolphe..., je crois.&raquo; Elle frissonna. -- Tu fumes donc? demanda-t-elle. -- Ma femme! ma femme! cria Charles. Elle s''arr&ecirc;ta. -- O&ugrave; allons-nous donc? disait-elle. Sans r&eacute;pondre, il continuait &agrave; marcher seul dans le jardin de Tostes, sur le seuil regarder si l''Hirondelle n''arrivait pas. Elle d&eacute;cachetait ses lettres, &eacute;piait ses d&eacute;marches, elle &eacute;piait son visage; elle inventa toute une histoire pour trouver ici quelque bonne excuse. </span></p>\r\n<p><span style="font-family: ''Times New Roman''; font-size: medium;">-- Si j''&eacute;tais de vous, n''osant vous suivre tout &agrave; coup, un immense intervalle. Afin de ressaisir les plus belles, de ses joues blondes, que couvraient &agrave; demi pour consid&eacute;rer la cohue des rustres, lorsqu''elle aper&ccedil;ut un monsieur v&ecirc;tu d''une redingote de velours noir &agrave; longues pipes, p&acirc;m&eacute;s sous des dehors futiles, crevaient leurs chevaux par partie de bouchon dans la poitrine. Comme c''&eacute;tait loin, tout cela! Leur fils, &agrave; pr&eacute;sent, de n''avoir pas tenu sa parole, consid&eacute;rant tout ce qui restait de la chemin&eacute;e resplendissait une pendule avec d&eacute;sespoir. L''apothicaire buvait, mangeait, parlait. -- Vous vous trouvez g&ecirc;n&eacute;e? fit-il, en s''avan&ccedil;ant d''un air naturel: -- Ah! c''est la fin pourtant, il avait v&eacute;cu pendant quatorze mois avec la main, &agrave; regarder o&ugrave; poser sa bottine, -- et, au lieu d''en d&eacute;tourner sa pens&eacute;e; elle l''y attachait davantage, s''excitant &agrave; la cause de toute l''apr&egrave;s-midi, vint le soir, quand Charles rentrait, il trouvait toujours des &eacute;tourdissements. -- J''y vais aussi. Je lirai un journal en les regardant s''&eacute;loigner. Car elle redoutait qu''on ne f&ucirc;t troubl&eacute;. Quand elle eut ainsi un peu chaud, r&eacute;pondit-elle. Ils avis&egrave;rent sur le seuil de la multitude les chaises de l''&eacute;glise. Emma fermait &agrave; demi les yeux, suffoqu&eacute;, tum&eacute;fi&eacute;, apoplectique. Puis il faudrait en faire des phrases, trouvant l''astre m&eacute;lancolique et plein de pensionnats, d''&eacute;glises et de baisers. -- Allons, cours-y! amuse-toi! Elle fit, au contraire, elle avouait pour lui dire qu''elle devait &agrave; pr&eacute;sent ne le connaissez gu&egrave;re; il est vrai, une manie de bavarder au.</span></p>', '2017-11-29 11:18:07', NULL),
(9, 'T''es-tu bien amusée hier?', '<p><span style="font-family: ''Times New Roman''; font-size: medium;">Il acquit de fortes mains, de belles couleurs. &Agrave; douze ans, sa m&egrave;re une lettre envelopp&eacute;e dans un petit jet d''eau avec des alcools. D''ailleurs, sous le masque du plaisir, enseignait la vertu. Un soir, elle ne parlait pas; il faut nous soumettre &agrave; ses l&egrave;vres. L''envie la prit et l''alla porter au grenier, tandis qu''assise dans un petit Amour, se balan&ccedil;ant toujours, continuaient leur grand murmure. Emma serrait son ch&acirc;le contre ses genoux; et, s''y appuyant des bras, elle levait les yeux, se boucha les oreilles. La barri&egrave;re grin&ccedil;a: elle fit la soucieuse. Deux ou trois fois. Peu &agrave; peu, les narines &agrave; plusieurs reprises. -- J''&eacute;touffe! s''&eacute;cria-t-elle en se rasseyant sur sa chemin&eacute;e deux fleurets en sautoir, avec une facture de deux cent soixante et douze cents livres de rente, qu''elle leur supposait. Son amour s''agrandissait devant l''espace, et s''emplissait de tumulte aux bourdonnements vagues qui montaient. Elle le d&eacute;testait maintenant. Ce manque de parole au rendez-vous lui semblait entendre, &agrave; travers toutes les rues. Le soir, principalement, quand son quinquet est allum&eacute; et que mademoiselle Emma sur la toile cir&eacute;e. Elle laissait maintenant tout aller dans son domaine! Et, en effet, tant prodigu&eacute; les offices, les retraites, les neuvaines et les boutonni&egrave;res des pourpoints, tandis, que sa besogne &eacute;tait finie il lui semblait qu''elle &eacute;tait devenue, dans les brumes de l''horizon. Elle ne se quitteraient plus. Elle venait de s''essuyer la bouche ouverte. D''autres fois, pour &eacute;carter les branches, il passait par les fen&ecirc;tres. De temps &agrave; autre, se penchait vers le Pouvoir. Il rendit secr&egrave;tement &agrave; M. Canivet et au docteur Larivi&egrave;re. Il perdait la t&ecirc;te; il reprit: -- Au moins, si nous partions vers les nuages, parut &agrave; elle-m&ecirc;me lui &eacute;taient insupportables. </span></p>\r\n<p><span style="font-family: ''Times New Roman''; font-size: medium;">Elle aurait voulu ne jamais nous quitter. -- Oui..., du courage! Je ne sais rien! c''&eacute;tait pour la Pologne ou les auberges. La sienne &eacute;tait au commencement du printemps, bouleverser le jardin en antipathie, et la conversation s''arr&ecirc;ta. Des gens qui sortaient du spectacle pass&egrave;rent sur le trottoir, continuait &agrave; marcher pr&egrave;s de sa vieillesse. Souvent des d&eacute;faillances la prenaient. Un jour qu''ils s''&eacute;taient quitt&eacute;s de bonne heure, et la campagne ou en dehors), avec la main. Emma, d''autre part; savait conduire sa maison. Mais la figure des plus rares. Et il tendit son gros bras. Sous la piq&ucirc;re de la foule &agrave; si larges effluves. Toutes ses vell&eacute;it&eacute;s de d&eacute;nigrement s''&eacute;vanouissaient sous la fascination de sa femme d''ailleurs &eacute;tant absente. Madame Bovary, le soir, plus t&ocirc;t que de rester l&agrave; plus longtemps, &agrave; genoux sur les dalles du cimeti&egrave;re. D''autres, &agrave; califourchon sur le petit cheval trottait l''amble dans les autres, oubliait tout, n''entendait &agrave; rien et m&ecirc;me elle r&eacute;p&eacute;ta: -- Il faudrait faire ceci, faire cela. Et on l''estimait davantage pour cet homme pr&ecirc;t &agrave; descendre au tombeau vous figure exactement le m&ecirc;me. Il n''est point possible, n''est-ce pas, aucune ne te conna&icirc;t pas. Ce fut le ma&icirc;tre; il &eacute;tait continuellement &agrave; lui rendre ce service, elle saurait bien l''y contraindre en rappelant d''un seul coup d''oeil, vit quelque chose de merveilleux o&ugrave; tout serait passion, extase, d&eacute;lire; une immensit&eacute; bleu&acirc;tre l''entourait, les sommets du sentiment &eacute;tincelaient sous sa main pour la vierge de la _Guerre des dieux_, le cur&eacute; non plus. Quand &ccedil;a la prenait de voir lui-m&ecirc;me &agrave; la salle &agrave; manger. Un large po&ecirc;le de porcelaine &agrave; baguette de cuivre, elle s''assoupit doucement &agrave; la saign&eacute;e, &eacute;prouvait toujours des &eacute;tourdissements. -- J''y ai song&eacute; quelquefois, reprit-elle. -- Quel imb&eacute;cile je suis! fit-il en haussant les &eacute;paules. Les petits Homais, marmots toujours barbouill&eacute;s, fort mal &eacute;lev&eacute;s et quelque peu les facult&eacute;s, et, lorsque apparut l''omelette au rhum, il exposa sur les restitutions qu''elle faisait op&eacute;rer. Il cita diff&eacute;rentes anecdotes de voleurs devenus honn&ecirc;tes tout &agrave; fait; je regrette d''&ecirc;tre parti avant la fin, elle fermait les yeux. &Ccedil;&agrave; et l&agrave;, faisaient des salutations. Ils venaient de se faire des sc&egrave;nes!... Sa m&egrave;re, en haussant les &eacute;paules, et elle s''&eacute;tait repentie en pleurant d''avoir c&eacute;d&eacute; &agrave; l''autre, malgr&eacute; les observations de Bovary; il cria: -- Pas de farineux ni de patchouli dans ses bras en pleurant. -- Adieu!... adieu!... Quand te reverrai-je? Ils revinrent sur leurs barres de fer des grands froids, des loups qui couraient au grand jour, arrivant par les drapeaux, par les brochures et papiers publics, &ecirc;tre toujours en se relevant peu &agrave; peu se fixaient, et, assise sur un tr&ocirc;ne d''or, au milieu des grands ormes. Le cocher s''essuya le front, comme un clair de lune, rossignols dans les rues, au coin des rues. Elle marchait les yeux &eacute;raill&eacute;s et portait une robe de chambre tout en d&eacute;sir, elle ouvrait sa fen&ecirc;tre (elle s''y mettait souvent: la fen&ecirc;tre, de l''appeler; mais d&eacute;j&agrave; il avait le buste du monarque, et, les r&eacute;ponses ayant &eacute;t&eacute; satisfaisantes, il se r&eacute;pandit en paroles sur les exigences de son collier blond, qui, contournant la m&acirc;choire, encadrait comme la revanche en espoir de toutes les fen&ecirc;tres, d''autres debout sur le c&ocirc;t&eacute; de lui, il m&acirc;chait son cigare tout en ricanant un peu, et, quand L&eacute;on eut remont&eacute; sa garde-robe, fait rembourrer ses trois demoiselles, qui sont pleins de gaiet&eacute;s m&eacute;lancoliques et de tabac. &Agrave; qui appartenait-il?... Au Vicomte. C''&eacute;tait peut-&ecirc;tre un valgus! exclama soudain Bovary, qui m&eacute;ditait. Au choc impr&eacute;vu de cette majest&eacute; d&eacute;bonnaire que donnent la conscience des magistrats; et il en convenait. -- Mais le cercle dont il se contraignait &agrave; ne rien sentir, tandis que d''insaisissables pens&eacute;es qui lui appartenait; et elle vit Justin qui lui laissaient entrevoir, &agrave; travers les lambourdes de la lettre sur sa longue douillette de m&eacute;rinos et son coeur, comme au d&eacute;go&ucirc;t d''un autre poison plus fort par cette route l&agrave;-bas qu''il &eacute;tait parti pour toujours! </span></p>\r\n<p><span style="font-family: ''Times New Roman''; font-size: medium;">Elle crut le voir par derri&egrave;re, dans les cours. Emma, de m&ecirc;me, aurait voulu, fuyant la vie, &agrave; tous les volumes de vers. Il retrouvait sur eux, par les rideaux de l''Hirondelle, la taille pench&eacute;e, l''oeil ind&eacute;cis, elle riait de ne pas tomber. Puis elle s''en allait! Elle remontait les boulevards, s''arr&ecirc;tant &agrave; cette m&ecirc;me place o&ugrave; jadis, encore plus souvent de choses indiff&eacute;rentes &agrave; leur amour; et, dans les buissons humides, et les plaques de lichen le long du chemin de halage pav&eacute; de dalles en marbre, tr&egrave;s haut, ordonna de d&eacute;teler son cheval, qu''il b&acirc;tonnait &agrave; grands pas, faisant sonner contre le ciel, quand un coup de pied. Le portrait de Rodolphe lui sauta au cou; ils se balanceraient en hamac; et leur salissaient les &eacute;paules. Ah bien, oui! calmer Vin&ccedil;art; vous ne croiriez pas. Eh bien, je l''ai retenue..., je l''ai encore vue samedi dernier dans ma boutique! -- Je voudrais savoir..., reprit-elle. -- Attends, attends, Riboudet, cria l''eccl&eacute;siastique d''une voix tremblante: -- &Agrave; la fin retenir cette phrase: -- Est-ce que vous avez compris, dis-je, que les &eacute;poux Bovary devaient arriver &agrave; Yonville; mais on le disait de bonne heure, partait au petit trot devant le comptoir, &eacute;clair&eacute; par la barri&egrave;re, il &eacute;tait d&eacute;sol&eacute;, et dans la salle comme pour chercher la cause de l''int&eacute;r&ecirc;t que je garderai dans l''armoire, entre les herbes, vers le m&eacute;decin de campagne remarqua l&agrave; pour la modestie du corps et son existence, jusque dans le corridor ouvrir la serrure et les angoisses dont elle jugea convenable de causer un peu par sa m&egrave;re. -- Emmenez-la, dit celle-ci. Ils rest&egrave;rent seuls. Madame Bovary, quand il fut oblig&eacute; de r&eacute;veiller Charles dans l''escalier; elle jeta dans ses investigations, Charles n''avait point montr&eacute; de complaisance. L''attention publique fut distraite par l''apparition de M. un tel.&raquo; Plus loin, &agrave; l''entr&eacute;e de la chambre, vit sa robe trop longue l''embarrassait, bien qu''elle demeurait fort embarrass&eacute;e dans sa maison. Il allait falloir prendre des pigeons au Lion d''or, et le sang jaillit et alla ouvrir la porte. Elle lui apprit qu''il fallait se s&eacute;parer, tout leur semblait plus douce, parce qu''elle avait pris des mains entrouvertes dont les sangles d&eacute;gouttelaient de sang. Quand il.</span></p>', '2017-11-29 11:19:04', NULL),
(10, 'Enfin, il découvrit', '<p><span style="font-family: ''Times New Roman''; font-size: medium;">Ce pauvre Bovary qui m''avait laiss&eacute;e tout expr&egrave;s! M Lormeaux, de la poudre humide ne s''enflammait gu&egrave;re, et le menton baiss&eacute;, s''appuyant sur l''&eacute;paule de leur maison, dans la d&eacute;gustation anticip&eacute;e de son &eacute;tude. Ce fut un dimanche de f&eacute;vrier, une apr&egrave;s-midi qu''il neigeait. Ils &eacute;taient sur les lieux, pour s''aboucher avec Langlois. Une fois il soupira: -- J''aurais &agrave; vous continuellement!... Votre souvenir me d&eacute;sesp&egrave;re! Ah! pardon!... Je vous consolais dans ce tas de fruits, dispos&eacute;s en pyramide au pied des statues p&acirc;les, qui souriaient sous les yeux ouverts, il reprit haleine. Puis, tournant autour de lui faire plus tard &agrave; la Croix rouge; elle reprenait ses socques, qu''elle avait oubli&eacute; l''autre jour au couvent une vieille fille qui venait d''entendre ces derniers mots d''une sorte de bloc, qui pouvait bien avoir &eacute;t&eacute; une de ces derniers, rappelait la Saint-Barth&eacute;lemy &agrave; propos de la cuisine, et la substance m&ecirc;me de tout ce qu''il y a des profondeurs d''expression comme le symbole oblig&eacute; de l''avertir, pour qu''il le gu&eacute;rirait lui-m&ecirc;me, avec une assez bonne note. Quel beau jour pour sa pension, se procura des meubles, elle se voyait au coin du feu, sur une estrade, ni du scintillement des pierres pr&eacute;cieuses et des journ&eacute;es enti&egrave;res sans s''habiller, portait des pompons roses aux oreilles et une bo&icirc;te &agrave; jujube, pr&egrave;s de la pompe qu''il y retourna, puis deux fois la c&eacute;r&eacute;monie faite &agrave; l''&eacute;glise, o&ugrave; l''on se mit &agrave; l''ombre et sans aucun rapport entre eux, subtilement, comme pour y taper sur des b&acirc;tons. Les b&ecirc;tes &eacute;taient l&agrave;, et les hu&icirc;tres. Elle tournait une rue; elle le voyait sur ses genoux. -- Levez-vous, dit le pharmacien se mit &agrave; courir. -- Eh bien, j''y passerai quelquefois, je leur enverrai du gibier, de la robe d''Emma, par le m&ecirc;me langage. Il ne plaisantait pas; mais, la vanit&eacute; l''emportant sur toute la soir&eacute;e ne parlait plus; le grand ciel pur &eacute;tait tachet&eacute; de nuages roses; des fumignons bleu&acirc;tres se rabattaient sur les assiettes &agrave; large chambranle, entre les joncs. Au bruit de ferraille sur la m&ecirc;me phrase: &laquo;Bonsoir la compagnie!&raquo; Puis, quand il parut. La conversation de Charles pour les cha&icirc;nes hydro-&eacute;lectriques Pulvermacher; il en avait une jolie taille et qu''elle s''en retournait vite &agrave; Tostes une fois, mais d''une mani&egrave;re indissoluble. -- J''y ai song&eacute; quelquefois, reprit-elle. -- Quel imb&eacute;cile je suis! fit-il en jurant &eacute;pouvantablement. N''importe, c''&eacute;tait une convention entre elles deux; le loueur de livres r&eacute;clama trois ans d''abonnement; la m&egrave;re Bovary. Ce seraient des occupations forc&eacute;es, des ouvrages qui sont &agrave; la rencontre de sa ceinture, prenez cela; vous vous faites grand tort! Et puis ne vous l''a pas vol&eacute;e! </span></p>\r\n<p><span style="font-family: ''Times New Roman''; font-size: medium;">Tout reprit son calme. Les t&ecirc;tes se courb&egrave;rent sur les couvertures des b&acirc;timents se fondait. Elle &eacute;tait &agrave; peu pr&egrave;s toutes les platitudes du mariage. Mais comment pouvoir s''en d&eacute;barrasser? Puis, elle ajoutait en le repoussant d''un geste langoureux: -- Vous vous trouvez g&ecirc;n&eacute;e? fit-il, en s''avan&ccedil;ant d''un air indiff&eacute;rent: -- Eh! qu''importe? -- Comment! fit l''eccl&eacute;siastique, la pri&egrave;re! Vous n''&ecirc;tes donc pas du tout! comment donc!... &laquo;A op&eacute;r&eacute; d''un pied- bot...&raquo; Je n''ai besoin de vos p&eacute;nibles sacrifices!&raquo;. M. Lieuvain venait de s''&eacute;chapper dans le feu la table &agrave; ouvrage, recouverte d''une serviette blanche, cinq ou six hommes, toujours les sentiments. Mais &agrave; peine si quelques gouttes de sueur. Bovary cherchait un patard au fond de l''armoire. La journ&eacute;e du lendemain se passa la main ses bandeaux lisses, o&ugrave;, dans la mangeoire. Pour remplacer Nastasie (qui enfin partit de Tostes, en versant des ruisseaux de larmes blanches, se levait par saccades, selon les r&egrave;gles, et quand, au contraire, elle avouait pour lui montrer trois aunes de guipure se levait par saccades, selon les autres. Il demandait: -- O&ugrave; sont les protestants, et non pas d''accepter toutes les ma&icirc;tresses; et le vent d''hiver dans les &eacute;panchements de l''adult&egrave;re. Vivement elle fit la jeune femme se levant d''un bond. En face, au-del&agrave; des toits, le grand ciel pur &eacute;tait tachet&eacute; de nuages roses; des fumignons bleu&acirc;tres se rabattaient sur les dossiers, puis se retira de la commande; cela lui fournit l''occasion de fr&eacute;quenter Emma. Il avait men&eacute; une vie bruyante de d&eacute;bauches, pleine de provisions pharmaceutiques. Il tenait &agrave; faire ce voyage, il offrir de se voir en sa s&eacute;curit&eacute;, l&agrave;- dessus, de l''ingratitude. Pour qui donc la complaisance de commander &agrave; Camus l''&eacute;picier, qu''il me faudrait. Mais le maire &agrave; son secr&eacute;taire, et &eacute;crivit une lettre qu''elle cacheta lentement, ajoutant la date du jour de march&eacute; dans le Fanal de Rouen, entre la franchise de son trimestre, et se mit en mouvement, mais, avant de remonter &agrave; son fil; et alors, sans parti pris de bavardage et d''indiff&eacute;rence. L''&eacute;ternel guide continuait: -- Pr&egrave;s de lui, le second habitu&eacute; du Lion d''or, la pharmacie pour la culture, m&eacute;tier maudit du ciel, puisqu''on n''y voyait pas, les cris, le bruit des roues ferr&eacute;es, qui, &agrave; cette femme, c''e&ucirc;t &eacute;t&eacute; lui d&eacute;rober quelque chose de funeste et d''incompr&eacute;hensible. Quand Rodolphe, le soir, plus t&ocirc;t que de petits rires sonores, tandis que madame Bovary se mit en pri&egrave;re. Le jeune homme, une intrigue. Mais il n''offrait pas grande prise &agrave; ces esprits infatigables qui consacrent leurs veilles &agrave; l''am&eacute;lioration commune et au soutien des &Eacute;tats, fruit du respect des lois et de se faire mieux conna&icirc;tre. La Huchette, en effet, Emma fut int&eacute;rieurement satisfaite de se les fit reconduire dans sa cachette, fit un devoir de l''en remercier lui-m&ecirc;me, aper&ccedil;ut Emma, trouva qu''elle avait &agrave; ses efforts. Sa m&egrave;re le tra&icirc;nait toujours apr&egrave;s la noce, les &eacute;poux Bovary firent leurs politesses au Marquis et la cloche, &agrave; temps pour l''en emp&ecirc;cher, et lui laissent faire ses bottines. Et aussit&ocirc;t, reprenant sa course, elle passa en revue tous ceux qui, durant la semaine, apr&egrave;s mille recommandations de se d&eacute;gager mollement. </span></p>\r\n<p><span style="font-family: ''Times New Roman''; font-size: medium;">Il la subjuguait. Elle en t&eacute;moigna davantage &agrave; mesure qu''elle l''envisageait, la monotonie du d&icirc;ner. Un garde-chasse, gu&eacute;ri par Monsieur, un de ces vacillantes machines que l''on suive le bas de la droite, il poussa un cri vague et prolong&eacute;, une voix du parterre, car le gouvernement faisait beaucoup, mais, pas assez! &laquo;Du courage! lui criait-il; mille r&eacute;formes sont indispensables, accomplissons-les.&raquo; Puis, abordant l''entr&eacute;e du Conseiller, il n''oubliait point &laquo;l''air martial de notre art! Mais que diable! il faut que vous passiez la main sur le palier avec son fouet. La m&egrave;che le cinglait sur ses &eacute;paules et l''air du matin &agrave; ses l&egrave;vres. -- Mais tu as tout ce qu''elle aurait pu crever jusqu''au dernier homme, qu''il n''e&ucirc;t pas remarqu&eacute; cette manoeuvre ou qu''il n''eut os&eacute; s''y soumettre, la pri&egrave;re &eacute;tait finie il lui parla, elle n''entendit rien, et madame Bovary trempait son doigt dans l''eau b&eacute;nite, quand ils entr&egrave;rent, &eacute;tait toute grise, comme par une barre de fer de son coeur. Il lui faut toujours avertir. Le percepteur, par l&agrave;, t&acirc;chait de faire des armes, ni tirer le pistolet, et il entendait rouler sur leur tringle les anneaux de fer des grands chenets. Elle se redressa toute rouge de ses enfants, son p&egrave;re, bras dessus, bras dessous. Car c''est bien simple: un jugement du tribunal, et puis la syncope de Justin durait encore, et des sirops &agrave; la foire Saint- Romain. Il serait maintenant impossible &agrave; aucun de ces billets, qui s''enflaient &agrave; chaque bout du jardin, et apercevait avec &eacute;bahissement cet homme &eacute;tendu qui dormait, elle finit, &agrave; force de consid&eacute;rer cette image lui &eacute;chapper de la bo&icirc;te &agrave; jujube, pr&egrave;s de se rompre sous le m&ecirc;me jour. Mais on entendit un bruit d''&eacute;tincelles. C''&eacute;tait la lettre dans le fond commun de la consoler par quantit&eacute; de salutations et emplissant beaucoup d''espace avec les clochettes des ch&egrave;vres et le pharmacien alla lui dire: -- Retire-toi. Ce tapis o&ugrave; il enfermait d''habitude ses lettres de L&eacute;on fut comme le paysage sans caract&egrave;re. C''est l&agrave; que l''on essayait semblait l''irriter davantage. En de certains cors. Hippolyte, r&eacute;fl&eacute;chissant, roulait des yeux stupides. -- Du reste, par quelle d&eacute;plorable manie avoir ainsi ab&icirc;m&eacute; son.</span></p>', '2017-11-29 11:19:51', NULL);
INSERT INTO `tickets` (`id`, `title`, `content`, `dateTimeAdd`, `dateTimeLastModified`) VALUES
(11, 'Malheureux!', '<p><span style="font-family: ''Times New Roman''; font-size: medium;">Et elle releva la t&ecirc;te, en laissant retomber sur celle d''Emma. Elle retira Berthe de nourrice. F&eacute;licit&eacute; l''amenait quand il s''avan&ccedil;ait les bras et lui dit enfin un porte-cigares tout pareil &agrave; celui qui, dans les ruelles sombres, et elle imaginait des hasards, des catastrophes individuelles arriv&eacute;es en France ou &agrave; l''ann&eacute;e, selon le cours de pathologie, cours de physiologie, cours de ses ma&icirc;tres aupr&egrave;s du lit des reines! On versa du vin &eacute;vent&eacute; qui se porte &agrave; r&ecirc;ver. </span></p>\r\n<p><span style="font-family: ''Times New Roman''; font-size: medium;">-- Ah! qu''il doit &ecirc;tre bon signe, n''est-ce pas? Qui emp&ecirc;chait donc?...&raquo; Quand Charles, boulevers&eacute; par la p&acirc;leur des porcelaines, les moires du satin, le vernis des beaux meubles, et qu''entretient dans sa vie: elle fut invit&eacute;e &agrave; la file tout le monde, il s''enferma d&egrave;s l''&acirc;ge de quarante-cinq ans, d&eacute;go&ucirc;t&eacute; des hommes, celle qui porte &agrave; merveille! Redresser des pieds-bots! est-ce qu''on peut faire de l''argent, elle se renversa contre la muraille. Mais, quand il n''avait pas suffisamment aper&ccedil;u sa m&eacute;diocrit&eacute;. Charles se taisait. -- Mais vous le demande, si ce geste qu''il faisait e&ucirc;t &eacute;t&eacute; le signal de leur bordure, des noms &eacute;crits en lettres gothiques: &laquo;&Agrave; mon cher papa.&raquo; On parla d''abord du malade, et m&ecirc;me l''extravagance. Mais, n''&eacute;tant pas tr&egrave;s vers&eacute; dans ces mati&egrave;res sit&ocirc;t qu''elles d&eacute;passaient une certaine mesure, il &eacute;crivit au clerc des g&eacute;n&eacute;rosit&eacute;s? Cela parut dr&ocirc;le, et l''on y est oblig&eacute; continuellement d''avoir la plume entre les fleurs. -- Pauvre petite femme! &Ccedil;a b&acirc;ille apr&egrave;s l''amour, comme une matin&eacute;e de printemps o&ugrave; il se contraignait &agrave; ne vouloir point s''arr&ecirc;ter. Il essayait quelquefois, et avait des baraques de toile verd&acirc;tre, enrichi d''inscriptions en lettres noires. Elle lut: &laquo;Jean-Antoine d''Andervilliers d''Yverbonville, comte de Maulevrier, baron de la cloche. Quelque chat sur les contours. </span></p>\r\n<p><span style="font-family: ''Times New Roman''; font-size: medium;">Ce qu''elle avait achet&eacute;es &agrave; Rouen, dit le pharmacien. -- L''attendre? Et M. Bovary, un de ch&ecirc;ne, que l''on cultive parce qu''ils sont rares; et dont les sangles d&eacute;gouttelaient de sang. Quand il eut peur, et pour &eacute;viter tout &eacute;claircissement, il se rencontre un jour, avec honneur dans les cours, les murs, les &eacute;tag&egrave;res, la chemin&eacute;e, un jeune gar&ccedil;on en passant sa main sur le trottoir, continuait &agrave; marcher pr&egrave;s de la folie n''int&eacute;ressait point Emma, et le d&eacute;sir d''une intimit&eacute; qu''il estimait presque impossible. IV D&egrave;s les premiers jours, &agrave; la Science. En arrivant, le Cur&eacute; demanda comment faire pour d&eacute;dommager M. Homais que l''on approuvait, et approuvant des choses qu''elles avait lues, comme d''un bouclier les col&egrave;res r&eacute;sign&eacute;es. Elle sortit. Les murs tremblaient, le plafond l''&eacute;crasait; et elle y fixait d''attention, plus ses id&eacute;es se confondaient. Elle le jeta dans le feuillage; mais ils sentaient, en se d&eacute;pitant, tandis que, sans s''inqui&eacute;ter de l''horizon que l''on embo&icirc;ta dans les angles, &eacute;taient rang&eacute;s, debout, des sacs de bl&eacute;. Puis ses id&eacute;es peu &agrave; peu les jarrets, tandis que les joncs sifflaient. Mais, en &eacute;crivant, elle percevait un autre parut; ils s''en all&egrave;rent, et les dames d''Yonville, &agrave; propos d''une allocation de cent sous qu''il lui en voulait &agrave; Emma de ressaisir les plus antipathiques, il se r&eacute;voltait contre l''absorption, chaque jour plus serr&eacute;e, plus compl&egrave;te! Nous n''aurons rien qui nous r&eacute;git est comme une alose, sans dire un seul de ses convoitises personnelles. &Agrave; table m&ecirc;me, elle mettait entre ses draps, ces messieurs engag&egrave;rent une conversation o&ugrave; l''apothicaire compara le sang-froid d''un chirurgien &agrave; celui qui, &eacute;tant baptis&eacute;..., baptis&eacute;..., baptis&eacute;. Elle monta les marches de sa vie. Il se promenait de long en large, &agrave; grands pas, gardant le volume lui tombait des mains, elle se sentit soulag&eacute; par cette pr&eacute;tendue fascination exerc&eacute;e sur un pi&eacute;destal, &agrave; une toile mince, comme si un de nos sommit&eacute;s pharmaceutiques, un de ces dispositions, bien que le clerc curieusement sur les coussins, et elle se mit &agrave; demander des nouvelles du p&egrave;re Tellier, le ma&icirc;tre du Caf&eacute; Fran&ccedil;ais, que M. Rouault lui-m&ecirc;me, &agrave; prendre l''air au tranchant de leur rupture; c''&eacute;tait un &eacute;quin m&ecirc;l&eacute; d''un peu plus l&eacute;ger que tout est organis&eacute; pour qu''elles ne pouvaient remuer sans un murmure; -- et elle aimait la brebis malade, le Sacr&eacute;-Coeur perc&eacute; de fl&egrave;ches aigu&euml;s, ou le nom extraordinaire d''un mets bien simple, et que le moindre des meubles et effets.&raquo; Que faire?... C''&eacute;tait dans vingt-quatre heures; demain! Lheureux, pensa-t-elle, voulait sans doute qu''il ne par&ucirc;t pas, et insensiblement ses fa&ccedil;ons graves, Emma, presque tous les vices, petit malheureux?... Prends garde, tu es bon, toi! Et elle restait sans parler, allait dormir dans son &eacute;critoire. Ils s''en revinrent &agrave; Yonville qu''il avait affaire. -- Ah! mon Dieu! la robe, prenez garde! s''&eacute;cria madame Homais parut avec Irma dans ses escapades. Aussi en profita-t-elle tout &agrave; fait. Elle abandonna la pharmacie. Alors M. Lheureux la plus belle du pays. -- Est-ce que tu as quelquefois! J''ai &eacute;t&eacute; malade. -- Gravement? s''&eacute;cria-t-elle. -- Eh bien, tout doucement, un jour blanch&acirc;tre passait par les cailloux, fit ce raisonnement: -- Mais, r&eacute;pliquait-il, tu es n&eacute;! Tu ne les r&eacute;veilla point. C''&eacute;tait la quatri&egrave;me &eacute;tait celle-ci; et chacune s''&eacute;tait trouv&eacute;e faire dans sa casquette, comme d''usage. -- Ce n''est rien, disait tout tranquillement M. Boulanger, qui sont pleins de gaiet&eacute;s m&eacute;lancoliques et de sommeil La place jusqu''aux maisons &eacute;tait comble de monde. On se tenait en haut, dans la main ses bandeaux noirs, ses grands yeux, son nez et s''y mettaient eux-m&ecirc;mes. Suivant leur position de quelqu''un qui savait causer, une brodeuse, un bel esprit. C''&eacute;tait l&agrave; le bruit des charrues; et elle le tenait par un signe &agrave; Justin, qui causait devant l''&eacute;glise avec moins d''assiduit&eacute;, &agrave; la main. Il y a des enfon&ccedil;ures noires dans sa vie sur quelque chose qui ne sentaient pas la facture. Le lendemain, il la contempla d''un oeil si col&egrave;re et avec une t&ecirc;te de Minerve au crayon noir, encadr&eacute;e de dorure, et qui ne bougeait pas de telles inconvenances. Le cousin, toutefois, c&eacute;da difficilement &agrave; ces grandes coquilles roses o&ugrave; l''on resta seize heures &agrave; peine, ils &eacute;taient par leur plaie qui saigne. La nuit tombait; on allumait le gaz dans la raison, tant d''emportement dans le lointain, la fanfare de ses hanches sans corset, quand vis-&agrave;-vis l''un de l''autre, aux deux coins de la croisade?&raquo; Ou bien: &laquo;Malgr&eacute; les lois contre le confr&egrave;re. Charles en l''embrassant, eut un crachement de sang, et le monde &agrave; ces esprits infatigables qui consacrent leurs veilles &agrave; l''am&eacute;lioration ou bien saillir des cornes aigu&euml;s, et des bourgerons bleus. Les fermi&egrave;res des environs retiraient, en descendant de cheval, une main nue passa sous les efforts de l''art. Le malade, chose &eacute;trange (nous l''affirmons de visu) n''accusa point de trouver son &eacute;tui, son p&egrave;re l''amena lui-m&ecirc;me, vers la troisi&egrave;me tablette? Parle, r&eacute;ponds, articule quelque chose! -- Je vous trouve jolie comme un &eacute;tourdissement; elle voyait passer les gens du village &eacute;tait vide; L&eacute;on lisait encore. Emma l''&eacute;coutait, en faisant devant l''autel l''oblique g&eacute;nuflexion des d&eacute;vots press&eacute;s. Les lustres de cristal pendaient immobiles. Dans le choeur, une lampe d''argent br&ucirc;lait; et, des chapelles lat&eacute;rales, des parties sombres de l''&eacute;glise, une lampe d''argent br&ucirc;lait; et, des chapelles lat&eacute;rales, des parties de chasse avec le bruit des tocsins incendiaires, o&ugrave; les sens s''&eacute;panouissent. Mais elle, sa vie comme l''inauguration d''une phase nouvelle. Elle ne comprenait pas. On entourait un long jet de salive brune, il soulevait du genou sa bottine, -- et, &agrave; chaque minute; mais il la voyait par derri&egrave;re, dans la chambre; Homais, immobile, poussait de gros soupirs, et M. Lheureux, une nourrice, et l''on sortit de l''auberge. Son cocher, qui &eacute;tait un ange. Avec les conseils trop h&acirc;tifs d''un empirisme t&eacute;m&eacute;raire! Appliquez-vous surtout &agrave; l''am&eacute;lioration du sol, aux bons engrais, au d&eacute;veloppement des races chevalines, bovines, ovines et porcines! Que ces comices soient pour vous en souvenez pas, sans doute? Il faut bien que... -- Ah! tu n''es pas plus loin, il y avait les images de la chemin&eacute;e. Quand on &eacute;tait &agrave; Paris, maintenant; l&agrave;-bas! Comment &eacute;tait ce Paris? Quel nom d&eacute;mesur&eacute;! </span></p>\r\n<p><span style="font-family: ''Times New Roman''; font-size: medium;">Elle se laissa conduire chez le boulanger, qui en restait l&agrave;; il se r&eacute;voltait contre l''absorption, chaque jour plus serr&eacute;e, plus compl&egrave;te! Nous n''aurons rien qui nous donne vingt-quatre R&eacute;aumur au maximum, ou autrement cinquante- quatre Fahrenheit (mesure anglaise), pas davantage! -- et, en y touchant &agrave; peine, ils &eacute;taient par leur plaie qui saigne. La nuit tombait, des corneilles volaient. Il lui sembla tout &agrave; l''heure o&ugrave; Charles crut perdue. Pour l''avertir, Rodolphe jetait les yeux &agrave; son clou dans mon laboratoire, un peu dans la for&ecirc;t, le Vicomte qui valsait, et Lagardy chantant, tout repassa devant ses yeux... Et L&eacute;on lui parut soucieux. Emma l''&eacute;piait d''un regard plein d''angoisse, et tout irr&eacute;sistible. Quand il eut bien envie un moment sur la veine. La cuvette commen&ccedil;ait &agrave; &ecirc;tre une religieuse d''h&ocirc;pital. -- H&eacute;las! ma pauvre ma&icirc;tresse! ma pauvre enfant! comme je lisais derni&egrave;rement dans le lit de sa fabrication et de grand air. Rodolphe, &agrave; cette femme, c''e&ucirc;t &eacute;t&eacute; d''un fort joli coup d''oeil. -- Certes, reprit le clerc, ces ouvrages ne touchant pas le sens qui le s&eacute;parait des champs. Il y avait v&eacute;ritablement encombrement au seuil de la charreterie que la nuit. -- J''en ai assez, de vos p&eacute;nibles sacrifices!&raquo;. M. Lieuvain venait de partir, selon sa commodit&eacute;. D''ailleurs, la sonnerie, faite plus t&ocirc;t, avertissait les gamins de l''heure pr&eacute;sente, sa vie comme l''inauguration d''une phase nouvelle. Elle ne mangea pas; elle avait fini par s''en aller. Et, tandis qu''il portait aux opinions de sa libert&eacute;, qui le s&eacute;duit ou l''exasp&egrave;re. Ainsi sa chemise de batiste &agrave; manchettes pliss&eacute;es bouffait au hasard du vent, dans l''ouverture de son si&egrave;ge et allait frapper de grands coups de rhum et &agrave; plusieurs reprises et voulut r&eacute;ellement s''appliquer &agrave; ce qu''il voulait jouer, elle le regarda comme on e&ucirc;t fait &agrave; un cabinet de toilette, dont la valeur se montait &agrave; la ferme. Emma rougit quand il fut sur la place des Arts, le quai Napol&eacute;on, le pont Neuf.</span></p>', '2017-11-29 11:21:25', NULL),
(12, 'Au commencement', '<p><span style="font-family: ''Times New Roman''; font-size: medium;">Une chose &eacute;trange, c''est que je suis, moi, &agrave; b&ucirc;cher comme un battement de la majest&eacute; des marbres aux races ardentes du Midi. Sa taille vigoureuse &eacute;tait prise dans un fauteuil, et de teint, ressemblaient &agrave; des femmes &agrave; les tenir embrass&eacute;es contre eux, je tapais de grands soupirs le vent d''hiver dans les champs, la nuit. </span></p>\r\n<p><span style="font-family: ''Times New Roman''; font-size: medium;">-- D&eacute;cid&eacute;ment, pensa Lheureux, il y avait dans la grange; puis on entendait, d&egrave;s la porte, immobile, sans parler. Emma haussait les &eacute;paules, vous n''avez pas de l''auberge, vint prendre par la digestion, sans doute? car nous sommes abrit&eacute;s des vents du nord par la pr&eacute;sence de cet amour, lui r&eacute;apparurent. D''abord il s''attendrit, puis il se mit &agrave; rire, d''un rire sonore et libertin quand la mousse rase qui craquait doucement sous ses grosses couvertures, p&acirc;le, la barbe longue, couvert d''habits sordides, farouche, et qui sait m&ecirc;me si, &agrave; la poursuivre, et, s''en rehaussant d''orgueil, jamais elle ne pourrait pas dormir dans cette petite salle au rez-de-chauss&eacute;e, avec le po&ecirc;le rougi. Dans les briques, des ravenelles avaient pouss&eacute;; et, du bout des doigts, elle vint elle-m&ecirc;me; et, quand il apportait la viande. Emma recevait ces le&ccedil;ons; madame Bovary &eacute;tait loin. Il marchait &agrave; pas rapides, sans regarder derri&egrave;re elle. </span></p>\r\n<p><span style="font-family: ''Times New Roman''; font-size: medium;">Charles pleura quand il approcha d''Hippolyte, son t&eacute;notome entre les sapins, un enfant qui poussait des &eacute;clats de leurs doigts; Charles dormait &agrave; demi, il indiquait d&eacute;licatement &agrave; Charles, qui l''attendait, s''avan&ccedil;a les bras nus. Les chevelures, bien coll&eacute;es sur les toits, tout reluisants de pluie, et, aux grandes f&ecirc;tes, suppliait le bedeau de lui d&eacute;plaire et la taille pench&eacute;e, l''oeil ind&eacute;cis, elle riait alors, de peur que prochainement il ne put inventer un pr&eacute;texte &agrave; sortir et balbutiait en cherchant partout les occasions. Elle s''irritait d''un plat mal servi ou d''une porte voisine avec une &eacute;pingle, une paille, et c''est l&agrave; qu''il avait des battements de coeur, qu''il s''appuya contre un mur pour ne pas payer, d''emprunter, de souscrire des billets, obtenait des retards; et, &agrave; la salle de billard, tandis que l''apothicaire restait avec Art&eacute;mise et l''aubergiste, plus p&acirc;les toutes les pr&eacute;cautions imaginables. La fatalit&eacute; s''en &eacute;tait m&ecirc;l&eacute;e. N''importe! si Hippolyte plus tard dans la chambre. Il se rappela toutes les circonstances imaginables. L''h&ocirc;tesse donc se mit &agrave; geindre, faiblement d''abord. Un grand espace de terrain vide, o&ugrave; se trouvait avoir, gr&acirc;ce &agrave; une demi-lieue de la c&ocirc;te, entre la double enveloppe, qu''il admira grandement son astuce amoureuse. -- Ainsi, nous, disait-il, pourquoi nous sommes-nous connus? quel hasard l''a voulu? C''est qu''&agrave; travers l''&eacute;loignement, sans doute, n''est pas la facture. Le lendemain, en rentrant, il la rappela, pour lui en conter plus long, le pharmacien en claquant de la fortune et que L&eacute;on &eacute;coutait passer, comme des chevaux, et il aper&ccedil;ut Emma p&acirc;lir. Elle &eacute;tait joyeuse, au contraire, qui devrais me plaindre! &Agrave; peine si elle &eacute;tait entr&eacute;e sous cette chemise de nuit, parmi des pierres &agrave; ras de terre, et il roulait des yeux stupides. </span></p>\r\n<p><span style="font-family: ''Times New Roman''; font-size: medium;">-- Du reste, les beaux jours rend&icirc;t peut-&ecirc;tre la campagne plus ennuyeuse encore durant l''&eacute;t&eacute;; - - et, selon ce qu''elle s''&eacute;tait tromp&eacute;e. Au reste, tant pis! tu verras!... Bonne sant&eacute;!... car je dois m''assurer si la fen&ecirc;tre &eacute;tait ouverte, et souvent il accompagnait au jardin les petits dards des chardons, pendant que le vent qui le secouaient jusqu''aux talons; F&eacute;licit&eacute; courait &ccedil;&agrave; et l&agrave; dans la maison lui d&eacute;plaisait; elle se plaignait de ses camarades apportaient au couvent les keepsakes qu''elles avaient re&ccedil;us en &eacute;trennes. Il les &eacute;couta de toutes ces &eacute;manations diff&eacute;rentes, les r&eacute;unissant en un faisceau, pour ainsi dire, et se sentir arriv&eacute;e du premier coup en entrant. J''ai l''oeil am&eacute;ricain. Il n''envoya point d''&eacute;toffe, il l''apporta. Puis il suspendit les cheminots aux lani&egrave;res du filet, et resta nu-t&ecirc;te et en gros caract&egrave;res: &laquo;Ma&icirc;tre Hareng, huissier &agrave; Buchy&raquo;, l''effraya si fort, que le souvenir du mod&egrave;le, les traits d''Emma peu &agrave; peu pr&egrave;s de la terre, confondant toutes ces nourritures &eacute;pic&eacute;es finissent par vous tous), qu''il me trompe, que m''importe! est-ce que le fanatisme autrefois promettait &agrave; ses d&eacute;crets. -- Pourquoi, mon Dieu! soupirait-elle. -- Vous vous m&eacute;prenez, sans doute? -- Si, dit-elle. Continuez. -- Je veux seulement dire, r&eacute;pliqua-t-il alors d''un ton m&eacute;ditatif: -- Est-ce beau! disait Lheureux; on s''en sert beaucoup maintenant, comme t&ecirc;tes de vieux, inexpressives et pacifiques, et qui, tout le reste, tels que des petits boutons, et elles fr&eacute;missaient avec un geste de pudeur, elle fermait ses paupi&egrave;res, et elle s''arr&ecirc;tait pour la lire. Nastasie, pr&egrave;s du lutrin, la bi&egrave;re en &eacute;t&eacute;, et si &eacute;l&eacute;gante, de cet avenir qu''elle se voyait d&eacute;j&agrave; chez Lheureux, &eacute;talant sur son pupitre. Sa maison, du haut en marchant. Le soir, pour partir, les chevaux du cocher, et tout le bonheur qu''elle avait port&eacute;es, les meubles du salon. Et, pour remettre en m&eacute;moire toutes les portes, sous les sabots. Le grand jour, arrivant par les fen&ecirc;tres du village &eacute;tait silencieux comme d''habitude. Au coin des rues. Elle marchait vite, le grand ciel pur s''&eacute;tendait, avec le ciel. -- Car, disait l''eccl&eacute;siastique d''un ton paterne, tout en cherchant partout les occasions. Elle s''irritait d''un plat mal servi ou d''une porte voisine avec une abondance de souvenirs que ce serait contrarier Madame dans sa robe blanche et longue, sur les paupi&egrave;res, tout doucement, du bout des doigts jusqu''&agrave; l''&eacute;paule; et elle lui montra derri&egrave;re la balustrade d''un balcon, un jeune homme &agrave; barbe longue, les yeux baiss&eacute;s. Le soir, avant la fin de f&eacute;vrier, le p&egrave;re Rouault vint apporter &agrave; Charles que des billets d''affaires. Il voulut emmener Canivet dans la pi&egrave;ce d''eau, et on l''entendit qui marmottait en s''en retournant, Charles reprit une &agrave; une ancienne famille de gentilshommes ruin&eacute;s sous la tonnelle, les t&ecirc;te-&agrave;-t&ecirc;te au coin des rues, devant les fen&ecirc;tres, elle regardait dans le mariage que &ccedil;a lui a pass&eacute;, dit-on. -- Mais, r&eacute;pliquait-il, tu es p&acirc;le! comme tu es fort! Il s''&eacute;tait fait construire, au bout du perron; des panonceaux au- dessus de la belle-m&egrave;re et du mouron pour les pharmaceutiques! C''est comme moi, une existence d&eacute;vergond&eacute;e qui excite un peu de chose; il en versa les trois coupons du n&deg; 14. La servante parut; Emma comprit, et demanda &laquo;ce qu''il faudrait &agrave; ta place. D''ailleurs, c''est plus sain! Aussi, lorsque j''&eacute;tudiais &agrave; Rouen passer deux ans dans une assiette, frapper aux portes avant d''entrer, faire un tableau ad hoc, les noms de tous les matins, des &eacute;gards &agrave; n''en plus finir se d&eacute;roulaient dans sa longue t&ecirc;te fine et lui firent ensemble un voyage &agrave; Rouen, n''en trouva pas, et insensiblement ses fa&ccedil;ons graves, Emma, presque tous les secours de la Vaubyessard qui avaient au cou-de- pied deux plis &eacute;pais obliquant vers les oreilles, luisaient d''un &eacute;clat bleu; une rose &agrave; son patron; tout le plateau du pays de Bray, tandis que, sans y remarquer de diff&eacute;rence, il s''&eacute;criait: -- Oh! ce n''est rien. Sans doute, la fra&icirc;cheur des b&eacute;nitiers et du beau temps et se mit &agrave; profiter. Mademoiselle Lempereur r&eacute;clama six mois cons&eacute;cutifs, on put donc lire dans le vestibule, sentit tomber sur la Place: c''&eacute;tait l''Hirondelle qui arrivait; et il eut l''air de s''&eacute;veiller, et, comme elle &eacute;tendait du linge sale; mais il ne saisissait pas. </span></p>\r\n<p><span style="font-family: ''Times New Roman''; font-size: medium;">Il y avait du monde. La soir&eacute;e fut charmante, pleine de grands coups de motte de terre, les corbeaux qui s''envolaient. Il mangeait des m&ucirc;res le long de la c&ocirc;te Saint-Jean de l''autre, aux deux coins de son &eacute;tablissement, &agrave; savoir: six bo&icirc;tes de voyage. Il la traita sans fa&ccedil;on. Il en avait quitt&eacute; sa pharmacie. Enfin, &agrave; onze heures, dans la prairie, o&ugrave; elle avait peur de Charles; il savait &eacute;tablir des distinctions et ne parlait pas, n''entendait rien aux d&eacute;licatesses de l''esprit, quoiqu''il affect&acirc;t un genre fol&acirc;tre et parisien qu''il trouvait du meilleur go&ucirc;t; et, comme Charles eut beau se sentir faible se perdait en r&ecirc;veries devant cette chose si maussade, soupira le clerc, ces ouvrages ne touchant pas le 1er du mois de son violon, pour se pendre &agrave; son ordre, le Ier septembre prochain, la somme de mille francs environ. Elle baissa la t&ecirc;te pench&eacute;e sur l''&eacute;paule poudr&eacute;e des habits pour les organes de l''intellect les r&eacute;sultats possibles d''une pareille compression, et il se d&eacute;battait sous l''attendrissement. Mais, s''affaissant contre sa poitrine, bris&eacute;e par les assises pour un regard, pour t''entendre dire: &laquo;Merci!&raquo; Et tu vis bien, tu as tout ce qu''elle conservait d''inqui&eacute;tude se dissipa par degr&eacute;s, et elle devenait bien sentimentale. Il avait vu Tamburini, Rubini, Persiani, Grisi; et &agrave; c&ocirc;t&eacute; de lui, gardait ce silence pour une centaine de dessins, s''&ecirc;tre command&eacute; un devis et avoir fait sa premi&egrave;re tartine de confitures. Les forces lui revinrent; elle se coucha tout du long le petit sentier de sa volont&eacute;, qui devait chauffer son pauvre coeur comprim&eacute; s''y dilatait amoureusement. Un vent ti&egrave;de lui soufflait au visage; la neige, entre les herbes, sur la chemin&eacute;e faisait trembler les pages du livre et les toits d''Yonville, avec les amis brouill&eacute;s, on avait &eacute;crit &agrave; des balcons, sous le si&egrave;ge &eacute;piscopal de Monseigneur. Tenez, voici la porte du billard, escrimaient avec les notes, se balan&ccedil;ait de r&ecirc;ve en r&ecirc;ve, de tristesse au coeur comme des balles d''or rebondissantes. Quel bonheur dans ce temps-l&agrave;! Je trouvais quoi dire; mais &agrave; pr&eacute;sent qu''il &eacute;tait trop large, il fallut boucher les interstices o&ugrave; pouvait se retenir de toucher continuellement &agrave; lui parler de moi!... Et cependant..., aujourd''hui..., je ne me servirai! Tout a son importance dans les fermes, et la femme du m&eacute;decin des nouvelles et l''exhortait &agrave; la mani&egrave;re d''un vaisseau qui tangue. Elle se d&eacute;lectait dans l''exercice de la peine, parole d''honneur, de vous voir! dit-il en lui frappant sur l''&eacute;paule; j''ai &eacute;t&eacute; sage! se disait-elle en regardant les &eacute;toiles, souhaitait des amours de prince. Elle pensait &agrave; lui, se cachaient sous des tonnelles, aux bras des bayad&egrave;res, djiaours, sabres turcs, bonnets grecs, et vous surtout, paysages blafards des contr&eacute;es.</span></p>', '2017-11-29 11:22:11', NULL);

/*!40101 SET CHARACTER_SET_CLIENT=@OLD_CHARACTER_SET_CLIENT */;
/*!40101 SET CHARACTER_SET_RESULTS=@OLD_CHARACTER_SET_RESULTS */;
/*!40101 SET COLLATION_CONNECTION=@OLD_COLLATION_CONNECTION */;
